Variant ID,HGVSp/c,Consequence,AC Case,AN Case,AC Control,AN Control,AF Case,AF Control,No. de novos,P-Val,Estimate,In Analysis
12-2080204-A-G,,intron,2,48496,2,194644,0.000041240514681623226,0.000010275169026530486,0,,,
12-2080210-A-G,,intron,0,48496,1,194644,0,0.000005137584513265243,0,,,
12-2080211-T-C,,intron,1,48496,0,194644,0.000020620257340811613,0,0,,,
12-2080235-C-T,,intron,0,48496,1,194644,0,0.000005137584513265243,0,,,
12-2080262-G-C,,intron,1,48496,0,194644,0.000020620257340811613,0,0,,,
12-2080274-C-A,,intron,14,12200,9,16252,0.0011475409836065574,0.0005537779965542703,,0.19373,0.52773,
12-2080373-A-G,,intron,953,29138,1341,38428,0.03270643146406754,0.03489642968668679,,0.35372,0.018649,
12-2162694-G-C,,upstream gene,0,48496,1,194644,0,0.000005137584513265243,0,,,
12-2162715-AC-A,,upstream gene,0,48496,1,194644,0,0.000005137584513265243,0,,,
12-2162719-T-C,,upstream gene,0,48496,1,194644,0,0.000005137584513265243,0,,,
12-2162748-G-C,p.Arg7Thr,missense (2 ≤ MPC < 3),1,48496,0,194644,0.000020620257340811613,0,0,,,yes
12-2162749-G-T,p.Arg7Ser,missense (2 ≤ MPC < 3),1,48496,0,194644,0.000020620257340811613,0,0,,,yes
12-2162763-A-G,p.Glu12Gly,missense (MPC < 2),0,48496,1,194644,0,0.000005137584513265243,0,,,
12-2162784-C-G,c.49+7C>G,splice region,0,48496,1,194644,0,0.000005137584513265243,0,,,
12-2162804-G-C,c.49+27G>C,intron,0,48496,1,194644,0,0.000005137584513265243,0,,,
12-2224350-C-G,c.50-40C>G,intron,1,48496,0,194644,0.000020620257340811613,0,0,,,
12-2224405-G-A,p.Ser22Asn,missense (MPC < 2),1,48496,0,194644,0.000020620257340811613,0,0,,,
12-2224438-A-G,p.Asn33Ser,missense (MPC < 2),0,48496,1,194644,0,0.000005137584513265243,0,,,
12-2224449-G-A,p.Gly37Arg,missense (MPC < 2),104,29236,205,45658,0.003557258174852921,0.004489903193306759,,0.48806,-0.065098,
12-2224472-C-T,c.132C>T(p.=),synonymous,0,48496,1,194644,0,0.000005137584513265243,0,,,
12-2224482-G-C,p.Ala48Pro,missense (2 ≤ MPC < 3),1,48496,4,194644,0.000020620257340811613,0.000020550338053060972,0,,,yes
12-2224482-G-T,p.Ala48Ser,missense (MPC < 2),0,48496,1,194644,0,0.000005137584513265243,0,,,
12-2224492-C-T,p.Ser51Leu,missense (MPC < 2),0,48496,1,194644,0,0.000005137584513265243,0,,,
12-2224502-G-A,c.162G>A(p.=),synonymous,1,48496,2,194644,0.000020620257340811613,0.000010275169026530486,0,,,
12-2224508-C-T,c.168C>T(p.=),synonymous,1,48496,3,194644,0.000020620257340811613,0.00001541275353979573,0,,,
12-2224511-C-T,c.171C>T(p.=),synonymous,688,30118,979,46132,0.022843482302941764,0.021221711610162144,,0.27842,0.07209,
12-2224512-G-A,p.Ala58Thr,missense (MPC < 2),1,48496,0,194644,0.000020620257340811613,0,0,,,
12-2224518-C-T,p.Arg60Trp,missense (2 ≤ MPC < 3),1,48496,0,194644,0.000020620257340811613,0,0,,,yes
12-2224537-G-T,p.Gly66Val,missense (MPC < 2),0,48496,1,194644,0,0.000005137584513265243,0,,,
12-2224549-A-G,p.Asn70Ser,missense (MPC < 2),0,48496,1,194644,0,0.000005137584513265243,0,,,
12-2224553-G-A,c.213G>A(p.=),synonymous,211,17930,143,22270,0.011767986614612381,0.006421194431971262,,0.41994,-0.039486,
12-2224556-C-T,c.216C>T(p.=),synonymous,0,48496,1,194644,0,0.000005137584513265243,0,,,
12-2224565-A-C,c.225A>C(p.=),synonymous,1,48496,7,194644,0.000020620257340811613,0.0000359630915928567,0,,,
12-2224569-A-G,p.Ser77Gly,missense (MPC < 2),0,48496,1,194644,0,0.000005137584513265243,0,,,
12-2224576-C-T,p.Thr79Met,missense (2 ≤ MPC < 3),0,48496,3,194644,0,0.00001541275353979573,0,,,yes
12-2224577-G-T,c.237G>T(p.=),synonymous,1,48496,1,194644,0.000020620257340811613,0.000005137584513265243,0,,,
12-2224581-C-T,p.Arg81Trp,missense (2 ≤ MPC < 3),0,48496,3,194644,0,0.00001541275353979573,0,,,yes
12-2224595-A-G,c.255A>G(p.=),synonymous,0,48496,2,194644,0,0.000010275169026530486,0,,,
12-2224597-A-G,p.Tyr86Cys,missense (2 ≤ MPC < 3),0,48496,1,194644,0,0.000005137584513265243,0,,,yes
12-2224615-A-C,p.Gln92Pro,missense (MPC < 2),0,48496,3,194644,0,0.00001541275353979573,0,,,
12-2224619-C-T,c.279C>T(p.=),synonymous,0,48496,1,194644,0,0.000005137584513265243,0,,,
12-2224625-C-T,c.285C>T(p.=),synonymous,0,48496,8,194644,0,0.000041100676106121945,0,,,
12-2224627-C-T,p.Thr96Met,missense (MPC < 2),1,48496,3,194644,0.000020620257340811613,0.00001541275353979573,0,,,
12-2224628-G-A,c.288G>A(p.=),synonymous,0,48496,1,194644,0,0.000005137584513265243,0,,,
12-2224635-C-T,p.Arg99Cys,missense (2 ≤ MPC < 3),0,48496,1,194644,0,0.000005137584513265243,0,,,yes
12-2224639-C-T,p.Pro100Leu,missense (2 ≤ MPC < 3),0,48496,1,194644,0,0.000005137584513265243,0,,,yes
12-2224640-G-A,c.300G>A(p.=),synonymous,2,48496,5,194644,0.000041240514681623226,0.000025687922566326217,0,,,
12-2224645-G-A,p.Arg102Gln,missense (2 ≤ MPC < 3),0,48496,1,194644,0,0.000005137584513265243,0,,,yes
12-2224653-C-T,p.Leu105Phe,missense (MPC < 2),0,48496,1,194644,0,0.000005137584513265243,0,,,
12-2224664-C-T,c.324C>T(p.=),synonymous,1,48496,2,194644,0.000020620257340811613,0.000010275169026530486,0,,,
12-2224680-C-T,p.Arg114Trp,missense (2 ≤ MPC < 3),1,48496,0,194644,0.000020620257340811613,0,0,,,yes
12-2224703-C-T,c.363C>T(p.=),synonymous,0,48496,2,194644,0,0.000010275169026530486,0,,,
12-2224706-A-G,c.366A>G(p.=),synonymous,0,48496,1,194644,0,0.000005137584513265243,0,,,
12-2224728-G-A,c.371+17G>A,intron,97,6700,73,8016,0.014477611940298507,0.009106786427145708,,0.086602,-0.25637,
12-2224729-G-A,c.371+18G>A,intron,0,48496,1,194644,0,0.000005137584513265243,0,,,
12-2224730-G-A,c.371+19G>A,intron,0,48496,1,194644,0,0.000005137584513265243,0,,,
12-2224737-A-G,c.371+26A>G,intron,0,48496,2,194644,0,0.000010275169026530486,0,,,
12-2224743-C-T,c.371+32C>T,intron,1,48496,0,194644,0.000020620257340811613,0,0,,,
12-2224749-C-T,c.371+38C>T,intron,1,48496,0,194644,0.000020620257340811613,0,0,,,
12-2229450-G-T,c.372-41G>T,intron,0,48496,1,194644,0,0.000005137584513265243,0,,,
12-2229462-G-A,c.372-29G>A,intron,1,48496,0,194644,0.000020620257340811613,0,0,,,
12-2229466-T-C,c.372-25T>C,intron,0,48496,1,194644,0,0.000005137584513265243,0,,,
12-2229468-A-G,c.372-23A>G,intron,27,18874,35,29468,0.0014305393663240436,0.001187729062033392,,0.30637,0.25884,
12-2229472-C-T,c.372-19C>T,intron,0,48496,1,194644,0,0.000005137584513265243,0,,,
12-2229473-C-T,c.372-18C>T,intron,0,48496,1,194644,0,0.000005137584513265243,0,,,
12-2229476-G-A,c.372-15G>A,intron,1219,42162,1736,78266,0.02891229068829752,0.022180768149643523,,0.2003,0.061431,
12-2229501-A-G,p.Ile128Val,missense (MPC < 2),1,48496,0,194644,0.000020620257340811613,0,0,,,
12-2229527-C-T,c.408C>T(p.=),synonymous,0,48496,4,194644,0,0.000020550338053060972,0,,,
12-2229529-A-G,p.Asn137Ser,missense (2 ≤ MPC < 3),0,48496,1,194644,0,0.000005137584513265243,0,,,yes
12-2229538-C-T,p.Ala140Val,missense (2 ≤ MPC < 3),1,48496,0,194644,0.000020620257340811613,0,0,,,yes
12-2229539-C-A,c.420C>A(p.=),synonymous,0,48496,1,194644,0,0.000005137584513265243,0,,,
12-2229550-A-G,p.Tyr144Cys,missense (2 ≤ MPC < 3),0,48496,1,194644,0,0.000005137584513265243,0,,,yes
12-2229563-A-G,c.444A>G(p.=),synonymous,0,48496,1,194644,0,0.000005137584513265243,0,,,
12-2229575-C-T,c.456C>T(p.=),synonymous,0,48496,1,194644,0,0.000005137584513265243,0,,,
12-2229577-A-G,p.Asn153Ser,missense (MPC < 2),0,48496,1,194644,0,0.000005137584513265243,0,,,
12-2229579-G-A,p.Ala154Thr,missense (MPC < 2),0,48496,1,194644,0,0.000005137584513265243,0,,,
12-2229594-C-T,c.475C>T(p.=),splice region,0,48496,1,194644,0,0.000005137584513265243,0,,,
12-2229603-C-G,c.477+7C>G,splice region,0,48496,1,194644,0,0.000005137584513265243,0,,,
12-2229604-C-T,c.477+8C>T,splice region,0,48496,1,194644,0,0.000005137584513265243,0,,,
12-2229610-C-T,c.477+14C>T,intron,1,48496,3,194644,0.000020620257340811613,0.00001541275353979573,0,,,
12-2229613-C-T,c.477+17C>T,intron,1,48496,3,194644,0.000020620257340811613,0.00001541275353979573,0,,,
12-2229615-A-G,c.477+19A>G,intron,2,48496,1,194644,0.000041240514681623226,0.000005137584513265243,0,,,
12-2229619-T-G,c.477+23T>G,intron,0,48496,4,194644,0,0.000020550338053060972,0,,,
12-2229634-G-A,c.477+38G>A,intron,0,48496,3,194644,0,0.00001541275353979573,0,,,
12-2229636-T-C,c.477+40T>C,intron,0,48496,1,194644,0,0.000005137584513265243,0,,,
12-2558117-T-C,c.478-25T>C,intron,0,48496,1,194644,0,0.000005137584513265243,0,,,
12-2558186-G-A,c.522G>A(p.=),synonymous,5250,27652,10826,56148,0.18985968465210473,0.19281185438484005,,0.92257,0.0057851,
12-2558234-C-T,c.570C>T(p.=),synonymous,0,48496,1,194644,0,0.000005137584513265243,0,,,
12-2558298-G-A,c.617+17G>A,intron,5831,22540,11543,45212,0.25869565217391305,0.25530832522339203,,0.33462,-0.020255,
12-2558300-T-C,c.617+19T>C,intron,5852,22550,11543,45250,0.25951219512195123,0.2550939226519337,,0.44747,-0.015845,
12-2558312-A-G,c.617+31A>G,intron,1,48496,0,194644,0.000020620257340811613,0,0,,,
12-2558323-G-A,c.617+42G>A,intron,1,48496,0,194644,0.000020620257340811613,0,0,,,
12-2558329-G-T,c.617+48G>T,intron,2,48496,0,194644,0.000041240514681623226,0,0,,,
12-2566694-C-T,c.618-39C>T,intron,0,48496,2,194644,0,0.000010275169026530486,0,,,
12-2566696-C-T,c.618-37C>T,intron,1,48496,0,194644,0.000020620257340811613,0,0,,,
12-2566700-C-T,c.618-33C>T,intron,0,48496,1,194644,0,0.000005137584513265243,0,,,
12-2566703-G-C,c.618-30G>C,intron,0,48496,2,194644,0,0.000010275169026530486,0,,,
12-2566705-C-T,c.618-28C>T,intron,0,48496,2,194644,0,0.000010275169026530486,0,,,
12-2566706-A-G,c.618-27A>G,intron,0,48496,1,194644,0,0.000005137584513265243,0,,,
12-2566719-T-C,c.618-14T>C,intron,0,48496,1,194644,0,0.000005137584513265243,0,,,
12-2566729-C-G,c.618-4C>G,splice region,0,48496,1,194644,0,0.000005137584513265243,0,,,
12-2566733-G-T,c.618G>T(p.=),splice region,1,48496,0,194644,0.000020620257340811613,0,0,,,
12-2566739-T-C,c.624T>C(p.=),synonymous,0,48496,1,194644,0,0.000005137584513265243,0,,,
12-2566746-A-G,p.Ile211Val,missense (MPC < 2),0,48496,1,194644,0,0.000005137584513265243,0,,,
12-2566772-T-A,p.Asp219Glu,missense (MPC < 2),0,48496,1,194644,0,0.000005137584513265243,0,,,
12-2566781-C-T,c.666C>T(p.=),synonymous,1,48496,3,194644,0.000020620257340811613,0.00001541275353979573,0,,,
12-2566782-G-A,p.Ala223Thr,missense (MPC < 2),0,48496,1,194644,0,0.000005137584513265243,0,,,
12-2566787-C-T,c.672C>T(p.=),synonymous,0,48496,1,194644,0,0.000005137584513265243,0,,,
12-2566788-G-A,p.Gly225Arg,missense (MPC < 2),2,48496,0,194644,0.000041240514681623226,0,0,,,
12-2566798-G-C,p.Gly228Ala,missense (MPC < 2),0,48496,1,194644,0,0.000005137584513265243,0,,,
12-2566808-T-A,p.Phe231Leu,missense (MPC < 2),0,48496,1,194644,0,0.000005137584513265243,0,,,
12-2566809-G-T,p.Asp232Tyr,missense (2 ≤ MPC < 3),0,48496,1,194644,0,0.000005137584513265243,0,,,yes
12-2566819-C-T,p.Ala235Val,missense (2 ≤ MPC < 3),0,48496,1,194644,0,0.000005137584513265243,0,,,yes
12-2566820-G-A,c.705G>A(p.=),synonymous,0,48496,2,194644,0,0.000010275169026530486,0,,,
12-2566835-C-T,c.720C>T(p.=),synonymous,0,48496,1,194644,0,0.000005137584513265243,0,,,
12-2566883-C-A,c.757+11C>A,intron,0,48496,1,194644,0,0.000005137584513265243,0,,,
12-2566885-C-T,c.757+13C>T,intron,0,48496,3,194644,0,0.00001541275353979573,0,,,
12-2566886-G-A,c.757+14G>A,intron,0,48496,1,194644,0,0.000005137584513265243,0,,,
12-2566886-G-T,c.757+14G>T,intron,0,48496,1,194644,0,0.000005137584513265243,0,,,
12-2566900-T-G,c.757+28T>G,intron,0,48496,2,194644,0,0.000010275169026530486,0,,,
12-2566906-C-G,c.757+34C>G,intron,1,48496,0,194644,0.000020620257340811613,0,0,,,
12-2566908-C-T,c.757+36C>T,intron,0,48496,1,194644,0,0.000005137584513265243,0,,,
12-2595230-G-A,c.758-40G>A,intron,1,48496,0,194644,0.000020620257340811613,0,0,,,
12-2595232-G-A,c.758-38G>A,intron,262,28492,495,55356,0.009195563666994243,0.008942120095382615,,0.6909,0.069329,
12-2595237-T-C,c.758-33T>C,intron,0,48496,1,194644,0,0.000005137584513265243,0,,,
12-2595238-G-T,c.758-32G>T,intron,1,48496,0,194644,0.000020620257340811613,0,0,,,
12-2595243-G-C,c.758-27G>C,intron,0,48496,1,194644,0,0.000005137584513265243,0,,,
12-2595245-T-C,c.758-25T>C,intron,0,48496,1,194644,0,0.000005137584513265243,0,,,
12-2595249-T-TCTA,c.758-21_758-20insCTA,intron,1,48496,0,194644,0.000020620257340811613,0,0,,,
12-2595252-G-T,c.758-18G>T,intron,0,48496,1,194644,0,0.000005137584513265243,0,,,
12-2595263-C-T,c.758-7C>T,splice region,0,48496,1,194644,0,0.000005137584513265243,0,,,
12-2595264-C-T,c.758-6C>T,splice region,0,48496,3,194644,0,0.00001541275353979573,0,,,
12-2595265-C-T,c.758-5C>T,splice region,0,48496,3,194644,0,0.00001541275353979573,0,,,
12-2595266-G-A,c.758-4G>A,splice region,0,48496,1,194644,0,0.000005137584513265243,0,,,
12-2595266-G-T,c.758-4G>T,splice region,0,48496,1,194644,0,0.000005137584513265243,0,,,
12-2595274-C-T,c.762C>T(p.=),synonymous,0,48496,1,194644,0,0.000005137584513265243,0,,,
12-2595280-G-A,c.768G>A(p.=),synonymous,2,48496,0,194644,0.000041240514681623226,0,0,,,
12-2595283-C-T,c.771C>T(p.=),synonymous,141,6670,76,7968,0.021139430284857572,0.009538152610441768,,0.74457,-0.0047489,
12-2595289-T-C,c.777T>C(p.=),synonymous,0,48496,1,194644,0,0.000005137584513265243,0,,,
12-2595294-T-C,p.Ile261Thr,missense (2 ≤ MPC < 3),0,48496,1,194644,0,0.000005137584513265243,0,,,yes
12-2595310-C-T,c.798C>T(p.=),synonymous,2,48496,2,194644,0.000041240514681623226,0.000010275169026530486,0,,,
12-2595322-C-T,c.810C>T(p.=),synonymous,0,48496,2,194644,0,0.000010275169026530486,0,,,
12-2595325-C-T,c.813C>T(p.=),synonymous,0,48496,2,194644,0,0.000010275169026530486,0,,,
12-2595331-G-A,c.819G>A(p.=),synonymous,0,48496,1,194644,0,0.000005137584513265243,0,,,
12-2595359-G-A,p.Ala283Thr,missense (2 ≤ MPC < 3),0,48496,2,194644,0,0.000010275169026530486,0,,,yes
12-2595362-A-G,p.Ile284Val,missense (MPC < 2),1,48496,0,194644,0.000020620257340811613,0,0,,,
12-2595367-C-T,c.855C>T(p.=),synonymous,1,48496,6,194644,0.000020620257340811613,0.00003082550707959146,0,,,
12-2595377-C-A,p.Leu289Ile,missense (2 ≤ MPC < 3),2,48496,1,194644,0.000041240514681623226,0.000005137584513265243,0,,,yes
12-2595379-C-T,c.867C>T(p.=),synonymous,0,48496,2,194644,0,0.000010275169026530486,0,,,
12-2595409-C-T,c.897C>T(p.=),synonymous,0,48496,3,194644,0,0.00001541275353979573,0,,,
12-2595423-T-C,p.Ile304Thr,missense (MPC < 2),19,22958,41,32906,0.0008275982228417109,0.0012459733787151279,,0.070225,-0.27607,
12-2595426-C-G,p.Ala305Gly,missense (MPC < 2),0,48496,1,194644,0,0.000005137584513265243,0,,,
12-2595445-G-A,c.916+17G>A,intron,0,48496,2,194644,0,0.000010275169026530486,0,,,
12-2595446-C-T,c.916+18C>T,intron,0,48496,1,194644,0,0.000005137584513265243,0,,,
12-2595449-C-T,c.916+21C>T,intron,124,6652,67,7976,0.018641010222489478,0.008400200601805416,,0.96044,-0.00087164,
12-2595450-G-A,c.916+22G>A,intron,3,48496,0,194644,0.00006186077202243484,0,0,,,
12-2595450-G-T,c.916+22G>T,intron,1,48496,0,194644,0.000020620257340811613,0,0,,,
12-2595451-C-T,c.916+23C>T,intron,0,48496,1,194644,0,0.000005137584513265243,0,,,
12-2595462-C-T,c.916+34C>T,intron,2,48496,0,194644,0.000041240514681623226,0,0,,,
12-2595464-G-A,c.916+36G>A,intron,0,48496,3,194644,0,0.00001541275353979573,0,,,
12-2595473-C-T,c.916+45C>T,intron,0,48496,1,194644,0,0.000005137584513265243,0,,,
12-2602306-T-A,c.917-50T>A,intron,0,48496,1,194644,0,0.000005137584513265243,0,,,
12-2602307-C-G,c.917-49C>G,intron,2736,40776,3778,76940,0.06709829311359623,0.04910319729659475,,0.6504,0.020209,
12-2602309-C-T,c.917-47C>T,intron,0,48496,1,194644,0,0.000005137584513265243,0,,,
12-2602311-C-A,c.917-45C>A,intron,0,48496,3,194644,0,0.00001541275353979573,0,,,
12-2602315-C-T,c.917-41C>T,intron,0,48496,1,194644,0,0.000005137584513265243,0,,,
12-2602317-C-T,c.917-39C>T,intron,1,48496,2,194644,0.000020620257340811613,0.000010275169026530486,0,,,
12-2602319-G-T,c.917-37G>T,intron,0,48496,2,194644,0,0.000010275169026530486,0,,,
12-2602323-C-T,c.917-33C>T,intron,0,48496,2,194644,0,0.000010275169026530486,0,,,
12-2602326-C-G,c.917-30C>G,intron,0,48496,2,194644,0,0.000010275169026530486,0,,,
12-2602327-C-G,c.917-29C>G,intron,0,48496,2,194644,0,0.000010275169026530486,0,,,
12-2602330-C-A,c.917-26C>A,intron,0,48496,2,194644,0,0.000010275169026530486,0,,,
12-2602330-C-G,c.917-26C>G,intron,63,27968,65,35706,0.0022525743707093823,0.001820422337982412,,0.084715,0.26136,
12-2602334-T-G,c.917-22T>G,intron,0,48496,2,194644,0,0.000010275169026530486,0,,,
12-2602335-G-A,c.917-21G>A,intron,0,48496,2,194644,0,0.000010275169026530486,0,,,
12-2602341-T-C,c.917-15T>C,intron,0,48496,1,194644,0,0.000005137584513265243,0,,,
12-2602357-T-C,c.918T>C(p.=),splice region,0,48496,1,194644,0,0.000005137584513265243,0,,,
12-2602366-A-G,c.927A>G(p.=),synonymous,1,48496,1,194644,0.000020620257340811613,0.000005137584513265243,0,,,
12-2602368-A-C,p.Glu310Ala,missense (MPC < 2),1,48496,0,194644,0.000020620257340811613,0,0,,,
12-2602375-C-A,p.Asp312Glu,missense (MPC < 2),0,48496,1,194644,0,0.000005137584513265243,0,,,
12-2602380-C-T,p.Ser314Phe,missense (2 ≤ MPC < 3),1,48496,0,194644,0.000020620257340811613,0,0,,,yes
12-2602389-C-T,p.Ala317Val,missense (MPC < 2),0,48496,1,194644,0,0.000005137584513265243,0,,,
12-2602391-C-A,p.Leu318Met,missense (MPC < 2),0,48496,1,194644,0,0.000005137584513265243,0,,,
12-2602392-T-C,p.Leu318Pro,missense (MPC < 2),1,48496,0,194644,0.000020620257340811613,0,0,,,
12-2602403-C-G,p.His322Asp,missense (MPC < 2),1,48496,0,194644,0.000020620257340811613,0,0,,,
12-2602412-C-A,p.Gln325Lys,missense (MPC < 2),0,48496,1,194644,0,0.000005137584513265243,0,,,
12-2602413-A-G,p.Gln325Arg,missense (MPC < 2),0,48496,1,194644,0,0.000005137584513265243,0,,,
12-2602428-C-T,p.Thr330Met,missense (2 ≤ MPC < 3),2,48496,3,194644,0.000041240514681623226,0.00001541275353979573,0,,,yes
12-2602429-G-A,c.990G>A(p.=),synonymous,0,48496,6,194644,0,0.00003082550707959146,0,,,
12-2602462-C-T,c.1023C>T(p.=),synonymous,0,48496,3,194644,0,0.00001541275353979573,0,,,
12-2602465-C-T,c.1026C>T(p.=),synonymous,1,48496,0,194644,0.000020620257340811613,0,0,,,
12-2602471-C-G,c.1032C>G(p.=),synonymous,1,48496,1,194644,0.000020620257340811613,0.000005137584513265243,0,,,
12-2602474-C-T,c.1035C>T(p.=),synonymous,0,48496,1,194644,0,0.000005137584513265243,0,,,
12-2602492-C-T,c.1053C>T(p.=),synonymous,1,48496,4,194644,0.000020620257340811613,0.000020550338053060972,0,,,
12-2602507-G-A,c.1068G>A(p.=),synonymous,0,48496,1,194644,0,0.000005137584513265243,0,,,
12-2602517-A-G,p.Ile360Val,missense (MPC < 2),0,48496,1,194644,0,0.000005137584513265243,0,,,
12-2602537-G-A,c.1098G>A(p.=),synonymous,1,48496,1,194644,0.000020620257340811613,0.000005137584513265243,0,,,
12-2602537-G-C,c.1098G>C(p.=),synonymous,0,48496,1,194644,0,0.000005137584513265243,0,,,
12-2602540-C-T,c.1101C>T(p.=),synonymous,0,48496,3,194644,0,0.00001541275353979573,0,,,
12-2602541-G-A,p.Val368Met,missense (2 ≤ MPC < 3),0,48496,1,194644,0,0.000005137584513265243,0,,,yes
12-2602555-A-G,c.1113+3A>G,splice region,1,48496,0,194644,0.000020620257340811613,0,0,,,
12-2602556-C-T,c.1113+4C>T,splice region,0,48496,1,194644,0,0.000005137584513265243,0,,,
12-2602559-A-G,c.1113+7A>G,splice region,4,1814,28,16722,0.002205071664829107,0.001674440856356895,,0.35792,0.44195,
12-2602570-G-A,c.1113+18G>A,intron,1,48496,0,194644,0.000020620257340811613,0,0,,,
12-2602575-C-A,c.1113+23C>A,intron,98,32690,154,52850,0.0029978586723768737,0.002913907284768212,,0.46264,0.15541,
12-2602578-A-C,c.1113+26A>C,intron,277,6696,158,8010,0.041367980884109916,0.01972534332084894,,0.98998,-0.010697,
12-2602582-T-G,c.1113+30T>G,intron,0,48496,1,194644,0,0.000005137584513265243,0,,,
12-2602583-G-C,c.1113+31G>C,intron,1,48496,0,194644,0.000020620257340811613,0,0,,,
12-2602584-G-A,c.1113+32G>A,intron,0,48496,1,194644,0,0.000005137584513265243,0,,,
12-2602589-A-G,c.1113+37A>G,intron,0,48496,1,194644,0,0.000005137584513265243,0,,,
12-2602590-C-T,c.1113+38C>T,intron,0,48496,1,194644,0,0.000005137584513265243,0,,,
12-2602594-G-A,c.1113+42G>A,intron,0,48496,3,194644,0,0.00001541275353979573,0,,,
12-2602597-C-T,c.1113+45C>T,intron,2,48496,2,194644,0.000041240514681623226,0.000010275169026530486,0,,,
12-2613553-T-A,c.1114-455T>A,intron,0,48496,1,194644,0,0.000005137584513265243,0,,,
12-2613554-G-A,c.1114-454G>A,intron,0,48496,1,194644,0,0.000005137584513265243,0,,,
12-2613558-C-T,c.1114-450C>T,intron,1,48496,0,194644,0.000020620257340811613,0,0,,,
12-2613559-C-T,c.1114-449C>T,intron,0,48496,1,194644,0,0.000005137584513265243,0,,,
12-2613565-C-T,c.1114-443C>T,intron,1,48496,0,194644,0.000020620257340811613,0,0,,,
12-2613570-T-G,c.1114-438T>G,intron,129,6694,64,8006,0.019270988945324172,0.00799400449662753,,0.76041,0.14386,
12-2613575-T-A,c.1114-433T>A,intron,0,48496,1,194644,0,0.000005137584513265243,0,,,
12-2613587-C-T,c.1114-421C>T,intron,0,48496,3,194644,0,0.00001541275353979573,0,,,
12-2613591-C-T,c.1114-417C>T,intron,1,48496,2,194644,0.000020620257340811613,0.000010275169026530486,0,,,
12-2613605-C-G,c.1114-403C>G,intron,1,48496,0,194644,0.000020620257340811613,0,0,,,
12-2613610-C-T,c.1114-398C>T,intron,0,48496,2,194644,0,0.000010275169026530486,0,,,
12-2613619-C-A,c.1114-389C>A,intron,0,48496,2,194644,0,0.000010275169026530486,0,,,
12-2613619-C-T,c.1114-389C>T,intron,1,48496,1,194644,0.000020620257340811613,0.000005137584513265243,0,,,
12-2613648-G-A,c.1114-360G>A,intron,1,48496,0,194644,0.000020620257340811613,0,0,,,
12-2613657-T-C,c.1114-351T>C,intron,0,48496,1,194644,0,0.000005137584513265243,0,,,
12-2613670-T-C,c.1114-338T>C,intron,0,48496,1,194644,0,0.000005137584513265243,0,,,
12-2613674-G-A,c.1114-334G>A,intron,0,48496,4,194644,0,0.000020550338053060972,0,,,
12-2613697-G-A,c.1114-311G>A,intron,0,48496,1,194644,0,0.000005137584513265243,0,,,
12-2613700-G-A,c.1114-308G>A,intron,0,48496,1,194644,0,0.000005137584513265243,0,,,
12-2613711-C-T,c.1114-297C>T,intron,1,48496,0,194644,0.000020620257340811613,0,0,,,
12-2613712-T-C,c.1114-296T>C,intron,0,48496,1,194644,0,0.000005137584513265243,0,,,
12-2613714-A-G,c.1114-294A>G,intron,1,48496,1,194644,0.000020620257340811613,0.000005137584513265243,0,,,
12-2613716-C-T,c.1114-292C>T,intron,2925,41984,5190,77958,0.06966939786585366,0.06657430924343878,,0.7937,-0.010216,
12-2613723-A-G,c.1114-285A>G,intron,1,48496,3,194644,0.000020620257340811613,0.00001541275353979573,0,,,
12-2613726-TC-T,c.1114-280delC,intron,0,48496,1,194644,0,0.000005137584513265243,0,,,
12-2613728-C-G,c.1114-280C>G,intron,0,48496,2,194644,0,0.000010275169026530486,0,,,
12-2613730-C-T,c.1114-278C>T,intron,0,48496,7,194644,0,0.0000359630915928567,0,,,
12-2613735-C-T,c.1114-273C>T,intron,1,48496,5,194644,0.000020620257340811613,0.000025687922566326217,0,,,
12-2613739-G-A,c.1114-269G>A,intron,1,48496,2,194644,0.000020620257340811613,0.000010275169026530486,0,,,
12-2613744-C-T,c.1114-264C>T,intron,0,48496,1,194644,0,0.000005137584513265243,0,,,
12-2613959-G-T,c.1114-49G>T,intron,1,48496,0,194644,0.000020620257340811613,0,0,,,
12-2613964-C-A,c.1114-44C>A,intron,0,48496,1,194644,0,0.000005137584513265243,0,,,
12-2613964-C-T,c.1114-44C>T,intron,0,48496,1,194644,0,0.000005137584513265243,0,,,
12-2613965-G-A,c.1114-43G>A,intron,0,48496,3,194644,0,0.00001541275353979573,0,,,
12-2613971-T-A,c.1114-37T>A,intron,0,48496,1,194644,0,0.000005137584513265243,0,,,
12-2613978-G-T,c.1114-30G>T,intron,1,48496,3,194644,0.000020620257340811613,0.00001541275353979573,0,,,
12-2613981-T-G,c.1114-27T>G,intron,0,48496,1,194644,0,0.000005137584513265243,0,,,
12-2613989-T-C,c.1114-19T>C,intron,0,48496,1,194644,0,0.000005137584513265243,0,,,
12-2613990-A-C,c.1114-18A>C,intron,0,48496,1,194644,0,0.000005137584513265243,0,,,
12-2613990-A-G,c.1114-18A>G,intron,0,48496,4,194644,0,0.000020550338053060972,0,,,
12-2613995-T-G,c.1114-13T>G,intron,0,48496,1,194644,0,0.000005137584513265243,0,,,
12-2613997-C-T,c.1114-11C>T,intron,0,48496,2,194644,0,0.000010275169026530486,0,,,
12-2614019-C-T,c.1125C>T(p.=),synonymous,0,48496,2,194644,0,0.000010275169026530486,0,,,
12-2614052-T-A,c.1158T>A(p.=),synonymous,0,48496,1,194644,0,0.000005137584513265243,0,,,
12-2614070-G-T,c.1176G>T(p.=),synonymous,120,32680,201,68732,0.0036719706242350062,0.0029244020252575218,,0.39664,0.13706,
12-2614074-T-C,p.Phe394Leu,missense (2 ≤ MPC < 3),0,48496,1,194644,0,0.000005137584513265243,0,,,yes
12-2614080-G-A,p.Val396Ile,missense (MPC < 2),1,48496,1,194644,0.000020620257340811613,0.000005137584513265243,0,,,
12-2614121-A-C,c.1217+10A>C,intron,0,48496,6,194644,0,0.00003082550707959146,0,,,
12-2614123-C-G,c.1217+12C>G,intron,1,48496,8,194644,0.000020620257340811613,0.000041100676106121945,0,,,
12-2614124-A-G,c.1217+13A>G,intron,1,48496,8,194644,0.000020620257340811613,0.000041100676106121945,0,,,
12-2614133-G-C,c.1217+22G>C,intron,0,48496,1,194644,0,0.000005137584513265243,0,,,
12-2621930-C-T,c.1218-48C>T,intron,0,48496,1,194644,0,0.000005137584513265243,0,,,
12-2621942-G-A,c.1218-36G>A,intron,1,48496,2,194644,0.000020620257340811613,0.000010275169026530486,0,,,
12-2621950-G-A,c.1218-28G>A,intron,0,48496,2,194644,0,0.000010275169026530486,0,,,
12-2621956-C-A,c.1218-22C>A,intron,0,48496,1,194644,0,0.000005137584513265243,0,,,
12-2621958-C-T,c.1218-20C>T,intron,0,48496,1,194644,0,0.000005137584513265243,0,,,
12-2621962-C-T,c.1218-16C>T,intron,0,48496,1,194644,0,0.000005137584513265243,0,,,
12-2621967-A-G,c.1218-11A>G,intron,0,48496,1,194644,0,0.000005137584513265243,0,,,
12-2621973-A-G,c.1218-5A>G,splice region,0,48496,1,194644,0,0.000005137584513265243,0,,,
12-2621987-C-T,c.1227C>T(p.=),synonymous,1,48496,1,194644,0.000020620257340811613,0.000005137584513265243,0,,,
12-2621993-G-A,c.1233G>A(p.=),synonymous,0,48496,1,194644,0,0.000005137584513265243,0,,,
12-2622011-C-T,c.1251C>T(p.=),synonymous,2,48496,1,194644,0.000041240514681623226,0.000005137584513265243,0,,,
12-2622014-G-C,c.1254G>C(p.=),synonymous,0,48496,1,194644,0,0.000005137584513265243,0,,,
12-2622032-G-T,c.1272G>T(p.=),synonymous,3,48496,0,194644,0.00006186077202243484,0,0,,,
12-2622034-G-A,p.Arg425Gln,missense (2 ≤ MPC < 3),0,48496,1,194644,0,0.000005137584513265243,0,,,yes
12-2622067-G-C,p.Gly436Ala,missense (2 ≤ MPC < 3),1,48496,0,194644,0.000020620257340811613,0,0,,,yes
12-2622073-T-G,p.Leu438Arg,missense (2 ≤ MPC < 3),0,48496,1,194644,0,0.000005137584513265243,0,,,yes
12-2622090-G-A,p.Ala444Thr,missense (2 ≤ MPC < 3),0,48496,1,194644,0,0.000005137584513265243,0,,,yes
12-2622102-G-A,p.Asp448Asn,missense (2 ≤ MPC < 3),0,48496,1,194644,0,0.000005137584513265243,0,,,yes
12-2622120-G-A,p.Glu454Lys,missense (MPC < 2),0,48496,1,194644,0,0.000005137584513265243,0,,,
12-2622150-A-G,p.Met464Val,missense (MPC < 2),0,48496,1,194644,0,0.000005137584513265243,0,,,
12-2622161-GTCT-G,c.1390+18_1390+20delTCT,intron,0,48496,1,194644,0,0.000005137584513265243,0,,,
12-2622169-C-T,c.1390+19C>T,intron,1,48496,0,194644,0.000020620257340811613,0,0,,,
12-2622173-G-A,c.1390+23G>A,intron,0,48496,1,194644,0,0.000005137584513265243,0,,,
12-2622174-T-A,c.1390+24T>A,intron,1,48496,0,194644,0.000020620257340811613,0,0,,,
12-2622191-G-A,c.1390+41G>A,intron,0,48496,1,194644,0,0.000005137584513265243,0,,,
12-2622192-G-A,c.1390+42G>A,intron,0,48496,1,194644,0,0.000005137584513265243,0,,,
12-2656566-A-G,c.1391-2543A>G,intron,0,48496,2,194644,0,0.000010275169026530486,0,,,
12-2656569-G-C,c.1391-2540G>C,intron,0,48496,1,194644,0,0.000005137584513265243,0,,,
12-2656577-G-A,c.1391-2532G>A,intron,0,48496,1,194644,0,0.000005137584513265243,0,,,
12-2656577-G-T,c.1391-2532G>T,intron,2,48496,1,194644,0.000041240514681623226,0.000005137584513265243,0,,,
12-2656592-C-T,c.1391-2517C>T,intron,0,48496,1,194644,0,0.000005137584513265243,0,,,
12-2656594-CTGACCATCTTGTCTG-C,c.1391-2511_1391-2497delCCATCTTGTCTGTGA,intron,0,48496,1,194644,0,0.000005137584513265243,0,,,
12-2656600-A-G,c.1391-2509A>G,intron,0,48496,1,194644,0,0.000005137584513265243,0,,,
12-2656602-C-T,c.1391-2507C>T,intron,1,48496,0,194644,0.000020620257340811613,0,0,,,
12-2656607-C-G,c.1391-2502C>G,intron,0,48496,3,194644,0,0.00001541275353979573,0,,,
12-2656619-G-A,c.1391-2490G>A,intron,1,48496,0,194644,0.000020620257340811613,0,0,,,
12-2656627-G-T,c.1391-2482G>T,intron,0,48496,1,194644,0,0.000005137584513265243,0,,,
12-2656628-C-T,c.1391-2481C>T,intron,0,48496,1,194644,0,0.000005137584513265243,0,,,
12-2656631-G-A,c.1391-2478G>A,intron,0,48496,1,194644,0,0.000005137584513265243,0,,,
12-2656631-G-T,c.1391-2478G>T,intron,0,48496,1,194644,0,0.000005137584513265243,0,,,
12-2656632-C-T,c.1391-2477C>T,intron,1,48496,0,194644,0.000020620257340811613,0,0,,,
12-2656639-G-A,c.1391-2470G>A,intron,0,48496,5,194644,0,0.000025687922566326217,0,,,
12-2656647-G-T,c.1391-2462G>T,intron,0,48496,1,194644,0,0.000005137584513265243,0,,,
12-2656648-A-T,c.1391-2461A>T,intron,0,48496,1,194644,0,0.000005137584513265243,0,,,
12-2656651-G-GGGAAGT,c.1391-2457_1391-2452dupGGAAGT,intron,0,48496,1,194644,0,0.000005137584513265243,0,,,
12-2656659-T-G,c.1391-2450T>G,intron,0,48496,1,194644,0,0.000005137584513265243,0,,,
12-2656664-G-A,c.1391-2445G>A,intron,0,48496,1,194644,0,0.000005137584513265243,0,,,
12-2656669-A-T,c.1391-2440A>T,intron,0,48496,1,194644,0,0.000005137584513265243,0,,,
12-2656678-A-G,c.1391-2431A>G,intron,0,48496,1,194644,0,0.000005137584513265243,0,,,
12-2656685-C-A,c.1391-2424C>A,intron,0,48496,1,194644,0,0.000005137584513265243,0,,,
12-2656691-G-C,c.1391-2418G>C,intron,1,48496,0,194644,0.000020620257340811613,0,0,,,
12-2656699-C-A,c.1391-2410C>A,intron,1,48496,0,194644,0.000020620257340811613,0,0,,,
12-2656701-C-T,c.1391-2408C>T,intron,2,48496,2,194644,0.000041240514681623226,0.000010275169026530486,0,,,
12-2656709-C-G,c.1391-2400C>G,intron,0,48496,3,194644,0,0.00001541275353979573,0,,,
12-2656714-T-A,c.1391-2395T>A,intron,0,48496,1,194644,0,0.000005137584513265243,0,,,
12-2656715-G-C,c.1391-2394G>C,intron,0,48496,1,194644,0,0.000005137584513265243,0,,,
12-2656725-G-A,c.1391-2384G>A,intron,1,48496,3,194644,0.000020620257340811613,0.00001541275353979573,0,,,
12-2656725-G-T,c.1391-2384G>T,intron,0,48496,1,194644,0,0.000005137584513265243,0,,,
12-2656738-C-A,c.1391-2371C>A,intron,1,48496,0,194644,0.000020620257340811613,0,0,,,
12-2659068-C-T,c.1391-41C>T,intron,21,6700,14,8018,0.003134328358208955,0.001746071339486156,,0.8882,-0.054549,
12-2659082-G-T,c.1391-27G>T,intron,7650,29878,12639,54062,0.25604123435303566,0.23378713329140616,,0.44384,-0.0071526,
12-2659092-C-T,c.1391-17C>T,intron,0,48496,1,194644,0,0.000005137584513265243,0,,,
12-2659245-A-G,c.1481+46A>G,intron,1,48496,0,194644,0.000020620257340811613,0,0,,,
12-2659662-A-G,c.1481+463A>G,intron,0,48496,1,194644,0,0.000005137584513265243,0,,,
12-2659663-G-A,c.1481+464G>A,intron,0,48496,1,194644,0,0.000005137584513265243,0,,,
12-2659667-A-C,c.1481+468A>C,intron,0,48496,1,194644,0,0.000005137584513265243,0,,,
12-2659668-C-T,c.1481+469C>T,intron,0,48496,1,194644,0,0.000005137584513265243,0,,,
12-2659672-C-T,c.1481+473C>T,intron,0,48496,1,194644,0,0.000005137584513265243,0,,,
12-2659673-A-G,c.1481+474A>G,intron,0,48496,2,194644,0,0.000010275169026530486,0,,,
12-2659679-G-A,c.1481+480G>A,intron,0,48496,1,194644,0,0.000005137584513265243,0,,,
12-2659689-G-A,c.1481+490G>A,intron,0,48496,1,194644,0,0.000005137584513265243,0,,,
12-2659695-C-G,c.1481+496C>G,intron,0,48496,1,194644,0,0.000005137584513265243,0,,,
12-2659699-C-G,c.1481+500C>G,intron,0,48496,2,194644,0,0.000010275169026530486,0,,,
12-2659702-C-A,c.1481+503C>A,intron,0,48496,2,194644,0,0.000010275169026530486,0,,,
12-2659704-T-G,c.1481+505T>G,intron,0,48496,1,194644,0,0.000005137584513265243,0,,,
12-2659719-C-T,c.1481+520C>T,intron,0,48496,2,194644,0,0.000010275169026530486,0,,,
12-2659720-A-G,c.1481+521A>G,intron,1,48496,0,194644,0.000020620257340811613,0,0,,,
12-2659721-G-A,c.1481+522G>A,intron,1,48496,0,194644,0.000020620257340811613,0,0,,,
12-2659725-T-A,c.1481+526T>A,intron,0,48496,1,194644,0,0.000005137584513265243,0,,,
12-2659741-G-A,c.1481+542G>A,intron,0,48496,1,194644,0,0.000005137584513265243,0,,,
12-2659744-C-T,c.1481+545C>T,intron,1,48496,0,194644,0.000020620257340811613,0,0,,,
12-2659745-T-G,c.1481+546T>G,intron,0,48496,1,194644,0,0.000005137584513265243,0,,,
12-2659754-G-C,c.1481+555G>C,intron,0,48496,1,194644,0,0.000005137584513265243,0,,,
12-2659756-G-T,c.1481+557G>T,intron,2,48496,1,194644,0.000041240514681623226,0.000005137584513265243,0,,,
12-2659763-C-T,c.1481+564C>T,intron,2,48496,4,194644,0.000041240514681623226,0.000020550338053060972,0,,,
12-2659764-G-A,c.1481+565G>A,intron,1,48496,2,194644,0.000020620257340811613,0.000010275169026530486,0,,,
12-2659764-G-T,c.1481+565G>T,intron,1,48496,1,194644,0.000020620257340811613,0.000005137584513265243,0,,,
12-2659767-T-C,c.1481+568T>C,intron,0,48496,1,194644,0,0.000005137584513265243,0,,,
12-2659768-G-A,c.1481+569G>A,intron,0,48496,1,194644,0,0.000005137584513265243,0,,,
12-2659782-G-A,c.1481+583G>A,intron,0,48496,2,194644,0,0.000010275169026530486,0,,,
12-2659784-C-G,c.1481+585C>G,intron,0,48496,1,194644,0,0.000005137584513265243,0,,,
12-2659793-A-G,c.1481+594A>G,intron,1,48496,0,194644,0.000020620257340811613,0,0,,,
12-2659797-G-A,c.1481+598G>A,intron,1,48496,0,194644,0.000020620257340811613,0,0,,,
12-2659804-G-A,c.1481+605G>A,intron,1,48496,0,194644,0.000020620257340811613,0,0,,,
12-2659806-G-A,c.1481+607G>A,intron,0,48496,1,194644,0,0.000005137584513265243,0,,,
12-2659808-C-T,c.1481+609C>T,intron,0,48496,1,194644,0,0.000005137584513265243,0,,,
12-2659830-G-A,c.1481+631G>A,intron,0,48496,1,194644,0,0.000005137584513265243,0,,,
12-2659833-C-T,c.1481+634C>T,intron,1,48496,2,194644,0.000020620257340811613,0.000010275169026530486,0,,,
12-2659838-C-G,c.1481+639C>G,intron,0,48496,1,194644,0,0.000005137584513265243,0,,,
12-2659839-A-C,c.1481+640A>C,intron,0,48496,1,194644,0,0.000005137584513265243,0,,,
12-2659848-T-C,c.1481+649T>C,intron,28879,30558,40559,42336,0.9450553046665358,0.9580262660619804,,0.92636,0.033284,
12-2659851-C-T,c.1481+652C>T,intron,1,48496,0,194644,0.000020620257340811613,0,0,,,
12-2659860-G-C,c.1481+661G>C,intron,0,48496,1,194644,0,0.000005137584513265243,0,,,
12-2659861-GGGGCGGGGCA-G,c.1481+669_1481+678delGGCAGGGCGG,intron,0,48496,1,194644,0,0.000005137584513265243,0,,,
12-2659864-G-A,c.1481+665G>A,intron,1,48496,1,194644,0.000020620257340811613,0.000005137584513265243,0,,,
12-2659865-C-T,c.1481+666C>T,intron,11,6672,6,7992,0.0016486810551558752,0.0007507507507507507,,0.34684,0.53668,
12-2659869-G-A,c.1481+670G>A,intron,0,48496,1,194644,0,0.000005137584513265243,0,,,
12-2659872-G-A,c.1481+673G>A,intron,1,48496,0,194644,0.000020620257340811613,0,0,,,
12-2666068-A-G,c.1482-49A>G,intron,0,48496,2,194644,0,0.000010275169026530486,0,,,
12-2666074-G-T,c.1482-43G>T,intron,0,48496,1,194644,0,0.000005137584513265243,0,,,
12-2666094-A-G,c.1482-23A>G,intron,1,48496,0,194644,0.000020620257340811613,0,0,,,
12-2666102-C-CT,c.1482-10dupT,intron,1,48496,0,194644,0.000020620257340811613,0,0,,,
12-2666108-C-CG,c.1482-9_1482-8insG,intron,0,48496,1,194644,0,0.000005137584513265243,0,,,
12-2666113-T-C,c.1482-4T>C,splice region,0,48496,1,194644,0,0.000005137584513265243,0,,,
12-2666126-C-T,c.1491C>T(p.=),synonymous,0,48496,1,194644,0,0.000005137584513265243,0,,,
12-2666141-C-T,c.1506C>T(p.=),splice region,1,48496,0,194644,0.000020620257340811613,0,0,,,
12-2666154-C-T,c.1508+11C>T,intron,0,48496,1,194644,0,0.000005137584513265243,0,,,
12-2666159-G-A,c.1508+16G>A,intron,0,48496,1,194644,0,0.000005137584513265243,0,,,
12-2666162-G-A,c.1508+19G>A,intron,1,48496,0,194644,0.000020620257340811613,0,0,,,
12-2666169-C-T,c.1508+26C>T,intron,0,48496,3,194644,0,0.00001541275353979573,0,,,
12-2666177-T-C,c.1508+34T>C,intron,0,48496,1,194644,0,0.000005137584513265243,0,,,
12-2666183-C-T,c.1508+40C>T,intron,0,48496,6,194644,0,0.00003082550707959146,0,,,
12-2666186-C-T,c.1508+43C>T,intron,1,48496,0,194644,0.000020620257340811613,0,0,,,
12-2666190-G-A,c.1508+47G>A,intron,0,48496,1,194644,0,0.000005137584513265243,0,,,
12-2675575-G-C,c.1509-13G>C,intron,0,48496,1,194644,0,0.000005137584513265243,0,,,
12-2675589-C-T,p.Arg504Cys,missense (2 ≤ MPC < 3),1,48496,0,194644,0.000020620257340811613,0,0,,,yes
12-2675595-T-G,p.Trp506Gly,missense (MPC < 2),1,48496,0,194644,0.000020620257340811613,0,0,,,
12-2675706-TCTGAGCACTACAACCAGCCCAA-T,p.Glu544GlyfsTer23,frameshift,1,48496,0,194644,0.000020620257340811613,0,0,,,yes
12-2675728-A-G,p.Asn550Ser,missense (MPC < 2),1,48496,0,194644,0.000020620257340811613,0,0,,,
12-2675758-G-A,c.1669+10G>A,intron,30,2226,356,21042,0.013477088948787063,0.01691854386465165,,0.26454,-0.20263,
12-2675763-C-T,c.1669+15C>T,intron,1,48496,0,194644,0.000020620257340811613,0,0,,,
12-2676691-C-T,c.1670-44C>T,intron,0,48496,1,194644,0,0.000005137584513265243,0,,,
12-2676700-C-A,c.1670-35C>A,intron,1,48496,5,194644,0.000020620257340811613,0.000025687922566326217,0,,,
12-2676702-G-C,c.1670-33G>C,intron,0,48496,1,194644,0,0.000005137584513265243,0,,,
12-2676705-C-T,c.1670-30C>T,intron,1,48496,5,194644,0.000020620257340811613,0.000025687922566326217,0,,,
12-2676720-T-C,c.1670-15T>C,intron,1,48496,0,194644,0.000020620257340811613,0,0,,,
12-2676721-C-T,c.1670-14C>T,intron,0,48496,3,194644,0,0.00001541275353979573,0,,,
12-2676722-C-T,c.1670-13C>T,intron,1,48496,0,194644,0.000020620257340811613,0,0,,,
12-2676748-G-A,c.1683G>A(p.=),synonymous,0,48496,1,194644,0,0.000005137584513265243,0,,,
12-2676749-G-A,p.Ala562Thr,missense (MPC < 2),1,48496,0,194644,0.000020620257340811613,0,0,,,
12-2676751-C-T,c.1686C>T(p.=),synonymous,1,48496,1,194644,0.000020620257340811613,0.000005137584513265243,0,,,
12-2676768-C-T,p.Thr568Met,missense (2 ≤ MPC < 3),0,48496,2,194644,0,0.000010275169026530486,0,,,yes
12-2676781-C-T,c.1716C>T(p.=),synonymous,0,48496,6,194644,0,0.00003082550707959146,0,,,
12-2676788-A-T,p.Met575Leu,missense (MPC < 2),0,48496,1,194644,0,0.000005137584513265243,0,,,
12-2676793-C-T,c.1728C>T(p.=),synonymous,0,48496,1,194644,0,0.000005137584513265243,0,,,
12-2676794-A-G,p.Ser577Gly,missense (MPC < 2),0,48496,4,194644,0,0.000020550338053060972,0,,,
12-2676805-G-T,c.1740G>T(p.=),synonymous,1,48496,2,194644,0.000020620257340811613,0.000010275169026530486,0,,,
12-2676814-C-T,c.1749C>T(p.=),synonymous,0,48496,4,194644,0,0.000020550338053060972,0,,,
12-2676817-C-T,c.1752C>T(p.=),synonymous,0,48496,4,194644,0,0.000020550338053060972,0,,,
12-2676833-C-T,p.Arg590Cys,missense (2 ≤ MPC < 3),0,48496,2,194644,0,0.000010275169026530486,0,,,yes
12-2676834-G-A,p.Arg590His,missense (2 ≤ MPC < 3),0,48496,1,194644,0,0.000005137584513265243,0,,,yes
12-2676847-C-T,c.1782C>T(p.=),synonymous,0,48496,4,194644,0,0.000020550338053060972,0,,,
12-2676848-G-A,p.Val595Ile,missense (MPC < 2),6,8372,10,15660,0.000716674629718108,0.0006385696040868455,,0.40906,0.63498,
12-2676851-G-A,p.Val596Met,missense (2 ≤ MPC < 3),1,48496,0,194644,0.000020620257340811613,0,0,,,yes
12-2676851-G-C,p.Val596Leu,missense (2 ≤ MPC < 3),0,48496,1,194644,0,0.000005137584513265243,0,,,yes
12-2676862-C-T,c.1797C>T(p.=),synonymous,1,48496,0,194644,0.000020620257340811613,0,0,,,
12-2676865-C-T,c.1800C>T(p.=),synonymous,1,48496,1,194644,0.000020620257340811613,0.000005137584513265243,0,,,
12-2676871-G-A,c.1806G>A(p.=),synonymous,2,48496,4,194644,0.000041240514681623226,0.000020550338053060972,0,,,
12-2676885-A-C,p.Glu607Ala,missense (MPC < 2),0,48496,1,194644,0,0.000005137584513265243,0,,,
12-2676888-C-T,p.Thr608Ile,missense (MPC < 2),0,48496,3,194644,0,0.00001541275353979573,0,,,
12-2676900-C-G,p.Ser612Cys,missense (2 ≤ MPC < 3),0,48496,1,194644,0,0.000005137584513265243,0,,,yes
12-2676910-C-T,c.1845C>T(p.=),synonymous,1,48496,1,194644,0.000020620257340811613,0.000005137584513265243,0,,,
12-2676916-C-T,c.1851C>T(p.=),synonymous,0,48496,2,194644,0,0.000010275169026530486,0,,,
12-2676917-G-A,p.Val618Met,missense (2 ≤ MPC < 3),0,48496,1,194644,0,0.000005137584513265243,0,,,yes
12-2676920-C-T,p.Leu619Phe,missense (MPC < 2),0,48496,1,194644,0,0.000005137584513265243,0,,,
12-2676929-G-A,p.Val622Ile,missense (MPC < 2),1,48496,2,194644,0.000020620257340811613,0.000010275169026530486,0,,,
12-2676937-G-A,c.1872G>A(p.=),synonymous,1,48496,2,194644,0.000020620257340811613,0.000010275169026530486,0,,,
12-2676954-T-C,p.Ile630Thr,missense (MPC < 2),0,48496,1,194644,0,0.000005137584513265243,0,,,
12-2676958-G-A,c.1893G>A(p.=),splice region,0,48496,2,194644,0,0.000010275169026530486,0,,,
12-2676960-G-A,p.Arg632Lys,missense (MPC < 2),0,48496,1,194644,0,0.000005137584513265243,0,,,
12-2676967-G-A,c.1895+7G>A,splice region,0,48496,1,194644,0,0.000005137584513265243,0,,,
12-2676975-C-T,c.1895+15C>T,intron,0,48496,1,194644,0,0.000005137584513265243,0,,,
12-2676979-C-G,c.1895+19C>G,intron,0,48496,1,194644,0,0.000005137584513265243,0,,,
12-2676980-A-G,c.1895+20A>G,intron,0,48496,1,194644,0,0.000005137584513265243,0,,,
12-2676986-A-C,c.1895+26A>C,intron,1,48496,0,194644,0.000020620257340811613,0,0,,,
12-2676990-G-A,c.1895+30G>A,intron,0,48496,1,194644,0,0.000005137584513265243,0,,,
12-2676997-C-G,c.1895+37C>G,intron,0,48496,1,194644,0,0.000005137584513265243,0,,,
12-2676998-A-G,c.1895+38A>G,intron,0,48496,1,194644,0,0.000005137584513265243,0,,,
12-2676998-A-T,c.1895+38A>T,intron,0,48496,1,194644,0,0.000005137584513265243,0,,,
12-2690738-C-A,c.1896-18C>A,intron,2,48496,0,194644,0.000041240514681623226,0,0,,,
12-2690765-C-T,c.1905C>T(p.=),synonymous,0,48496,3,194644,0,0.00001541275353979573,0,,,
12-2690774-C-A,p.Ser638Arg,missense (MPC < 2),0,48496,1,194644,0,0.000005137584513265243,0,,,
12-2690780-G-A,c.1920G>A(p.=),synonymous,1,48496,1,194644,0.000020620257340811613,0.000005137584513265243,0,,,
12-2690788-C-G,p.Ser643Cys,missense (MPC < 2),1,48496,0,194644,0.000020620257340811613,0,0,,,
12-2690798-C-T,c.1938C>T(p.=),synonymous,0,48496,1,194644,0,0.000005137584513265243,0,,,
12-2690802-G-A,p.Val648Met,missense (MPC < 2),0,48496,1,194644,0,0.000005137584513265243,0,,,
12-2690802-G-T,p.Val648Leu,missense (MPC < 2),0,48496,1,194644,0,0.000005137584513265243,0,,,
12-2690806-G-A,p.Arg649His,missense (MPC < 2),0,48496,1,194644,0,0.000005137584513265243,0,,,
12-2690819-C-G,c.1959C>G(p.=),synonymous,1,48496,0,194644,0.000020620257340811613,0,0,,,
12-2690825-C-G,c.1965C>G(p.=),synonymous,1,48496,5,194644,0.000020620257340811613,0.000025687922566326217,0,,,
12-2690828-T-A,c.1968T>A(p.=),synonymous,0,48496,5,194644,0,0.000025687922566326217,0,,,
12-2690831-C-G,c.1971C>G(p.=),synonymous,0,48496,1,194644,0,0.000005137584513265243,0,,,
12-2690849-C-T,c.1989C>T(p.=),synonymous,0,48496,1,194644,0,0.000005137584513265243,0,,,
12-2690862-C-T,c.2002C>T(p.=),synonymous,0,48496,1,194644,0,0.000005137584513265243,0,,,
12-2690867-G-C,c.2007G>C(p.=),synonymous,0,48496,2,194644,0,0.000010275169026530486,0,,,
12-2690882-A-G,c.2022A>G(p.=),synonymous,1,48496,0,194644,0.000020620257340811613,0,0,,,
12-2690905-T-C,p.Met682Thr,missense (MPC < 2),0,48496,1,194644,0,0.000005137584513265243,0,,,
12-2690907-C-T,p.Gln683Ter,stop gained,1,48496,0,194644,0.000020620257340811613,0,0,,,yes
12-2690911-C-T,p.Thr684Ile,missense (MPC < 2),1,48496,0,194644,0.000020620257340811613,0,0,,,
12-2690913-C-T,p.Arg685Trp,missense (2 ≤ MPC < 3),0,48496,2,194644,0,0.000010275169026530486,0,,,yes
12-2690928-G-A,p.Asp690Asn,missense (MPC < 2),0,48496,2,194644,0,0.000010275169026530486,0,,,
12-2690933-C-T,c.2073C>T(p.=),synonymous,1,48496,2,194644,0.000020620257340811613,0.000010275169026530486,0,,,
12-2690957-G-A,c.2097G>A(p.=),synonymous,0,48496,1,194644,0,0.000005137584513265243,0,,,
12-2690958-T-G,p.Phe700Val,missense (MPC < 2),0,48496,1,194644,0,0.000005137584513265243,0,,,
12-2690969-G-A,c.2103+6G>A,splice region,0,48496,1,194644,0,0.000005137584513265243,0,,,
12-2690970-A-G,c.2103+7A>G,splice region,0,48496,1,194644,0,0.000005137584513265243,0,,,
12-2690971-C-T,c.2103+8C>T,splice region,1,48496,3,194644,0.000020620257340811613,0.00001541275353979573,0,,,
12-2690985-G-T,c.2103+22G>T,intron,0,48496,5,194644,0,0.000025687922566326217,0,,,
12-2690990-G-C,c.2103+27G>C,intron,1,48496,1,194644,0.000020620257340811613,0.000005137584513265243,0,,,
12-2690994-T-TCGGGGTGGTTGAGTGG,c.2103+41_2103+56dupTGAGTGGCGGGGTGGT,intron,0,48496,1,194644,0,0.000005137584513265243,0,,,
12-2691011-C-T,c.2103+48C>T,intron,0,48496,1,194644,0,0.000005137584513265243,0,,,
12-2691011-CG-C,c.2103+52delG,intron,1,48496,0,194644,0.000020620257340811613,0,0,,,
12-2691943-T-C,c.2104-45T>C,intron,0,48496,1,194644,0,0.000005137584513265243,0,,,
12-2691948-C-G,c.2104-40C>G,intron,0,48496,1,194644,0,0.000005137584513265243,0,,,
12-2691952-C-T,c.2104-36C>T,intron,1,48496,1,194644,0.000020620257340811613,0.000005137584513265243,0,,,
12-2691953-G-A,c.2104-35G>A,intron,1,48496,0,194644,0.000020620257340811613,0,0,,,
12-2691954-C-T,c.2104-34C>T,intron,0,48496,1,194644,0,0.000005137584513265243,0,,,
12-2691962-C-T,c.2104-26C>T,intron,1,48496,0,194644,0.000020620257340811613,0,0,,,
12-2691963-T-A,c.2104-25T>A,intron,1,48496,1,194644,0.000020620257340811613,0.000005137584513265243,0,,,
12-2691969-G-A,c.2104-19G>A,intron,1,48496,0,194644,0.000020620257340811613,0,0,,,
12-2691973-G-C,c.2104-15G>C,intron,1,48496,0,194644,0.000020620257340811613,0,0,,,
12-2691975-ATG-A,c.2104-9_2104-8delGT,intron,0,48496,1,194644,0,0.000005137584513265243,0,,,
12-2691990-C-G,p.Ile702Met,missense (2 ≤ MPC < 3),0,48496,1,194644,0,0.000005137584513265243,0,,,yes
12-2691996-C-T,c.2112C>T(p.=),synonymous,1,48496,1,194644,0.000020620257340811613,0.000005137584513265243,0,,,
12-2692034-T-C,p.Met717Thr,missense (2 ≤ MPC < 3),0,48496,1,194644,0,0.000005137584513265243,0,,,yes
12-2692037-C-T,p.Ala718Val,missense (2 ≤ MPC < 3),0,48496,1,194644,0,0.000005137584513265243,0,,,yes
12-2692050-C-T,c.2166C>T(p.=),synonymous,1,48496,0,194644,0.000020620257340811613,0,0,,,
12-2692101-T-C,c.2217T>C(p.=),synonymous,0,48496,2,194644,0,0.000010275169026530486,0,,,
12-2692104-A-G,c.2220A>G(p.=),synonymous,0,48496,2,194644,0,0.000010275169026530486,0,,,
12-2692124-G-A,c.2224+16G>A,intron,2,48496,3,194644,0.000041240514681623226,0.00001541275353979573,0,,,
12-2692126-C-T,c.2224+18C>T,intron,1,48496,0,194644,0.000020620257340811613,0,0,,,
12-2692128-C-A,c.2224+20C>A,intron,0,48496,2,194644,0,0.000010275169026530486,0,,,
12-2692128-C-T,c.2224+20C>T,intron,0,48496,2,194644,0,0.000010275169026530486,0,,,
12-2692129-C-A,c.2224+21C>A,intron,0,48496,1,194644,0,0.000005137584513265243,0,,,
12-2692130-C-A,c.2224+22C>A,intron,1,48496,1,194644,0.000020620257340811613,0.000005137584513265243,0,,,
12-2692130-C-G,c.2224+22C>G,intron,0,48496,2,194644,0,0.000010275169026530486,0,,,
12-2692135-C-A,c.2224+27C>A,intron,0,48496,1,194644,0,0.000005137584513265243,0,,,
12-2692137-G-A,c.2224+29G>A,intron,1,48496,0,194644,0.000020620257340811613,0,0,,,
12-2692146-A-G,c.2224+38A>G,intron,0,48496,1,194644,0,0.000005137584513265243,0,,,
12-2692148-C-A,c.2224+40C>A,intron,0,48496,1,194644,0,0.000005137584513265243,0,,,
12-2692150-C-A,c.2224+42C>A,intron,0,48496,1,194644,0,0.000005137584513265243,0,,,
12-2692155-C-G,c.2224+47C>G,intron,1,48496,0,194644,0.000020620257340811613,0,0,,,
12-2692156-C-T,c.2224+48C>T,intron,0,48496,2,194644,0,0.000010275169026530486,0,,,
12-2693621-CAA-C,c.2225-45_2225-44delAA,intron,1,48496,0,194644,0.000020620257340811613,0,0,,,
12-2693623-A-C,c.2225-46A>C,intron,0,48496,1,194644,0,0.000005137584513265243,0,,,
12-2693627-C-T,c.2225-42C>T,intron,0,48496,1,194644,0,0.000005137584513265243,0,,,
12-2693640-T-C,c.2225-29T>C,intron,0,48496,1,194644,0,0.000005137584513265243,0,,,
12-2693641-C-A,c.2225-28C>A,intron,1,48496,4,194644,0.000020620257340811613,0.000020550338053060972,0,,,
12-2693642-A-G,c.2225-27A>G,intron,0,48496,1,194644,0,0.000005137584513265243,0,,,
12-2693654-A-G,c.2225-15A>G,intron,0,48496,5,194644,0,0.000025687922566326217,0,,,
12-2693658-G-A,c.2225-11G>A,intron,0,48496,1,194644,0,0.000005137584513265243,0,,,
12-2693660-C-T,c.2225-9C>T,intron,0,48496,1,194644,0,0.000005137584513265243,0,,,
12-2693660-CACAA-C,c.2225-5_2225-2delAACA,splice region,0,48496,2,194644,0,0.000010275169026530486,0,,,
12-2693661-A-C,c.2225-8A>C,splice region,0,48496,1,194644,0,0.000005137584513265243,0,,,
12-2693673-C-A,c.2229C>A(p.=),synonymous,0,48496,9,194644,0,0.00004623826061938719,0,,,
12-2693673-C-T,c.2229C>T(p.=),synonymous,0,48496,1,194644,0,0.000005137584513265243,0,,,
12-2693694-C-A,c.2250C>A(p.=),synonymous,0,48496,1,194644,0,0.000005137584513265243,0,,,
12-2693721-T-C,c.2277T>C(p.=),synonymous,0,48496,1,194644,0,0.000005137584513265243,0,,,
12-2693737-G-T,p.Ala765Ser,missense (MPC < 2),0,48496,1,194644,0,0.000005137584513265243,0,,,
12-2693740-C-A,p.Gln766Lys,missense (MPC < 2),0,48496,1,194644,0,0.000005137584513265243,0,,,
12-2693758-G-A,p.Glu772Lys,missense (MPC < 2),1,48496,1,194644,0.000020620257340811613,0.000005137584513265243,0,,,
12-2693760-G-T,p.Glu772Asp,missense (MPC < 2),0,48496,1,194644,0,0.000005137584513265243,0,,,
12-2693769-A-G,c.2325A>G(p.=),synonymous,0,48496,1,194644,0,0.000005137584513265243,0,,,
12-2693771-A-G,p.Lys776Arg,missense (MPC < 2),1,48496,1,194644,0.000020620257340811613,0.000005137584513265243,0,,,
12-2693778-G-A,c.2334G>A(p.=),synonymous,0,48496,1,194644,0,0.000005137584513265243,0,,,
12-2693790-C-G,c.2339+7C>G,splice region,1,48496,0,194644,0.000020620257340811613,0,0,,,
12-2693792-C-T,c.2339+9C>T,intron,1,48496,0,194644,0.000020620257340811613,0,0,,,
12-2693796-G-A,c.2339+13G>A,intron,0,48496,1,194644,0,0.000005137584513265243,0,,,
12-2693802-C-T,c.2339+19C>T,intron,0,48496,1,194644,0,0.000005137584513265243,0,,,
12-2693812-G-A,c.2339+29G>A,intron,0,48496,2,194644,0,0.000010275169026530486,0,,,
12-2693817-C-G,c.2339+34C>G,intron,0,48496,1,194644,0,0.000005137584513265243,0,,,
12-2693819-G-C,c.2339+36G>C,intron,0,48496,1,194644,0,0.000005137584513265243,0,,,
12-2693825-C-A,c.2339+42C>A,intron,1,48496,1,194644,0.000020620257340811613,0.000005137584513265243,0,,,
12-2693827-A-G,c.2339+44A>G,intron,2,48496,1,194644,0.000041240514681623226,0.000005137584513265243,0,,,
12-2693830-G-A,c.2339+47G>A,intron,1,48496,1,194644,0.000020620257340811613,0.000005137584513265243,0,,,
12-2693831-T-A,c.2339+48T>A,intron,0,48496,1,194644,0,0.000005137584513265243,0,,,
12-2694493-A-C,c.2340-49A>C,intron,0,48496,1,194644,0,0.000005137584513265243,0,,,
12-2694493-A-G,c.2340-49A>G,intron,0,48496,1,194644,0,0.000005137584513265243,0,,,
12-2694499-C-T,c.2340-43C>T,intron,0,48496,1,194644,0,0.000005137584513265243,0,,,
12-2694521-T-C,c.2340-21T>C,intron,0,48496,1,194644,0,0.000005137584513265243,0,,,
12-2694527-C-T,c.2340-15C>T,intron,0,48496,1,194644,0,0.000005137584513265243,0,,,
12-2694529-G-A,c.2340-13G>A,intron,0,48496,1,194644,0,0.000005137584513265243,0,,,
12-2694530-C-G,c.2340-12C>G,intron,0,48496,3,194644,0,0.00001541275353979573,0,,,
12-2694531-T-C,c.2340-11T>C,intron,0,48496,1,194644,0,0.000005137584513265243,0,,,
12-2694533-A-C,c.2340-9A>C,intron,0,48496,1,194644,0,0.000005137584513265243,0,,,
12-2694536-G-C,c.2340-6G>C,splice region,0,48496,2,194644,0,0.000010275169026530486,0,,,
12-2694538-C-G,c.2340-4C>G,splice region,0,48496,1,194644,0,0.000005137584513265243,0,,,
12-2694545-T-C,c.2343T>C(p.=),synonymous,0,48496,1,194644,0,0.000005137584513265243,0,,,
12-2694548-C-T,c.2346C>T(p.=),synonymous,0,48496,1,194644,0,0.000005137584513265243,0,,,
12-2694563-A-G,c.2361A>G(p.=),synonymous,0,48496,1,194644,0,0.000005137584513265243,0,,,
12-2694567-G-C,p.Glu789Gln,missense (MPC < 2),0,48496,1,194644,0,0.000005137584513265243,0,,,
12-2694569-G-T,p.Glu789Asp,missense (MPC < 2),0,48496,1,194644,0,0.000005137584513265243,0,,,
12-2694570-T-C,c.2368T>C(p.=),synonymous,1,48496,0,194644,0.000020620257340811613,0,0,,,
12-2694583-C-T,p.Pro794Leu,missense (MPC < 2),0,48496,5,194644,0,0.000025687922566326217,0,,,
12-2694584-G-A,c.2382G>A(p.=),synonymous,1,48496,1,194644,0.000020620257340811613,0.000005137584513265243,0,,,
12-2694586-C-T,p.Ala795Val,missense (MPC < 2),1,48496,0,194644,0.000020620257340811613,0,0,,,
12-2694589-T-G,p.Val796Gly,missense (MPC < 2),0,48496,2,194644,0,0.000010275169026530486,0,,,
12-2694596-A-G,c.2394A>G(p.=),synonymous,0,48496,4,194644,0,0.000020550338053060972,0,,,
12-2694597-T-A,p.Ser799Thr,missense (MPC < 2),3,48496,3,194644,0.00006186077202243484,0.00001541275353979573,0,,,
12-2694599-C-T,c.2397C>T(p.=),synonymous,1,48496,1,194644,0.000020620257340811613,0.000005137584513265243,0,,,
12-2694600-A-C,p.Lys800Gln,missense (MPC < 2),0,48496,2,194644,0,0.000010275169026530486,0,,,
12-2694613-T-C,p.Ile804Thr,missense (2 ≤ MPC < 3),1,48496,1,194644,0.000020620257340811613,0.000005137584513265243,0,,,yes
12-2694632-G-A,c.2430G>A(p.=),synonymous,0,48496,2,194644,0,0.000010275169026530486,0,,,
12-2694632-G-T,c.2430G>T(p.=),synonymous,0,48496,1,194644,0,0.000005137584513265243,0,,,
12-2694638-C-T,c.2436C>T(p.=),synonymous,2280,29866,4412,53934,0.07634098975423559,0.08180368598657618,,0.85305,-0.014678,
12-2694641-A-G,c.2439A>G(p.=),synonymous,0,48496,1,194644,0,0.000005137584513265243,0,,,
12-2694651-C-T,p.Pro817Ser,missense (MPC < 2),123,27934,153,36924,0.004403236199613374,0.004143646408839779,,0.19201,0.092528,
12-2694653-C-T,c.2451C>T(p.=),synonymous,0,48496,2,194644,0,0.000010275169026530486,0,,,
12-2694658-C-T,p.Thr819Ile,missense (MPC < 2),0,48496,3,194644,0,0.00001541275353979573,0,,,
12-2694668-G-A,c.2460+6G>A,splice region,11,15804,14,20748,0.0006960263224500126,0.0006747638326585695,,0.76717,0.071485,
12-2694702-C-T,c.2460+40C>T,intron,0,48496,1,194644,0,0.000005137584513265243,0,,,
12-2694967-C-CTG,c.2461-33_2461-32insGT,intron,706,10776,376,11462,0.06551596139569414,0.032804048159134534,,0.66065,0.084785,
12-2694995-G-A,c.2461-6G>A,splice region,0,48496,1,194644,0,0.000005137584513265243,0,,,
12-2694998-T-C,c.2461-3T>C,splice region,2,48496,0,194644,0.000041240514681623226,0,0,,,
12-2695007-A-G,p.Met823Val,missense (MPC < 2),0,48496,1,194644,0,0.000005137584513265243,0,,,
12-2695033-T-C,c.2493T>C(p.=),synonymous,1,48496,1,194644,0.000020620257340811613,0.000005137584513265243,0,,,
12-2695042-G-A,c.2502G>A(p.=),synonymous,0,48496,1,194644,0,0.000005137584513265243,0,,,
12-2695060-A-G,c.2520A>G(p.=),synonymous,0,48496,1,194644,0,0.000005137584513265243,0,,,
12-2695071-G-T,c.2530+1G>T,splice donor,1,48496,0,194644,0.000020620257340811613,0,0,,,yes
12-2702330-A-G,c.2531-49A>G,intron,0,48496,1,194644,0,0.000005137584513265243,0,,,
12-2702336-G-A,c.2531-43G>A,intron,0,48496,3,194644,0,0.00001541275353979573,0,,,
12-2702340-G-T,c.2531-39G>T,intron,1,48496,1,194644,0.000020620257340811613,0.000005137584513265243,0,,,
12-2702348-G-T,c.2531-31G>T,intron,0,48496,1,194644,0,0.000005137584513265243,0,,,
12-2702356-G-T,c.2531-23G>T,intron,0,48496,1,194644,0,0.000005137584513265243,0,,,
12-2702359-T-C,c.2531-20T>C,intron,1,48496,1,194644,0.000020620257340811613,0.000005137584513265243,0,,,
12-2702366-G-T,c.2531-13G>T,intron,0,48496,1,194644,0,0.000005137584513265243,0,,,
12-2702366-GTTC-G,c.2531-7_2531-5delCTT,intron,0,48496,1,194644,0,0.000005137584513265243,0,,,
12-2702370-T-C,c.2531-9T>C,intron,0,48496,1,194644,0,0.000005137584513265243,0,,,
12-2702380-A-T,c.2532A>T(p.=),splice region,0,48496,1,194644,0,0.000005137584513265243,0,,,
12-2702384-G-A,p.Glu846Lys,missense (MPC < 2),0,48496,1,194644,0,0.000005137584513265243,0,,,
12-2702386-G-A,c.2538G>A(p.=),synonymous,1,48496,1,194644,0.000020620257340811613,0.000005137584513265243,0,,,
12-2702393-G-A,p.Glu849Lys,missense (MPC < 2),0,48496,1,194644,0,0.000005137584513265243,0,,,
12-2702395-G-A,c.2547G>A(p.=),synonymous,1,48496,0,194644,0.000020620257340811613,0,0,,,
12-2702396-G-A,p.Glu850Lys,missense (2 ≤ MPC < 3),0,48496,1,194644,0,0.000005137584513265243,0,,,yes
12-2702399-C-G,p.Pro851Ala,missense (2 ≤ MPC < 3),0,48496,1,194644,0,0.000005137584513265243,0,,,yes
12-2702401-A-G,c.2553A>G(p.=),synonymous,0,48496,1,194644,0,0.000005137584513265243,0,,,
12-2702404-G-C,p.Glu852Asp,missense (MPC < 2),0,48496,1,194644,0,0.000005137584513265243,0,,,
12-2702411-G-A,p.Val855Ile,missense (MPC < 2),1,48496,0,194644,0.000020620257340811613,0,0,,,
12-2702413-C-T,c.2565C>T(p.=),synonymous,2,48496,1,194644,0.000041240514681623226,0.000005137584513265243,0,,,
12-2702418-C-G,p.Pro857Arg,missense (2 ≤ MPC < 3),0,48496,1,194644,0,0.000005137584513265243,0,,,yes
12-2702420-C-T,p.Arg858Cys,missense (2 ≤ MPC < 3),1,48496,0,194644,0.000020620257340811613,0,0,,,yes
12-2702426-C-T,p.Arg860Ter,stop gained,0,48496,1,194644,0,0.000005137584513265243,0,,,yes
12-2702427-G-A,p.Arg860Gln,missense (MPC < 2),0,48496,2,194644,0,0.000010275169026530486,0,,,
12-2702431-A-G,c.2583A>G(p.=),synonymous,0,48496,2,194644,0,0.000010275169026530486,0,,,
12-2702437-T-TGAGC,p.Leu865ArgfsTer5,frameshift,1,48496,0,194644,0.000020620257340811613,0,0,,,yes
12-2702441-C-G,p.Leu865Val,missense (MPC < 2),0,48496,1,194644,0,0.000005137584513265243,0,,,
12-2702454-A-G,p.Glu869Gly,missense (2 ≤ MPC < 3),0,48496,1,194644,0,0.000005137584513265243,0,,,yes
12-2702458-G-A,c.2610G>A(p.=),synonymous,0,48496,3,194644,0,0.00001541275353979573,0,,,
12-2702463-T-C,p.Val872Ala,missense (MPC < 2),0,48496,1,194644,0,0.000005137584513265243,0,,,
12-2702467-C-T,c.2619C>T(p.=),synonymous,0,48496,2,194644,0,0.000010275169026530486,0,,,
12-2702468-A-G,p.Met874Val,missense (MPC < 2),1,48496,0,194644,0.000020620257340811613,0,0,,,
12-2702482-C-T,c.2634C>T(p.=),synonymous,0,48496,4,194644,0,0.000020550338053060972,0,,,
12-2702484-C-T,p.Ala879Val,missense (MPC < 2),1,48496,0,194644,0.000020620257340811613,0,0,,,
12-2702498-A-C,p.Ser884Arg,missense (MPC < 2),0,48496,1,194644,0,0.000005137584513265243,0,,,
12-2702500-C-T,c.2652C>T(p.=),synonymous,0,48496,1,194644,0,0.000005137584513265243,0,,,
12-2702514-G-A,c.2663+3G>A,splice region,0,48496,1,194644,0,0.000005137584513265243,0,,,
12-2702515-T-A,c.2663+4T>A,splice region,1,48496,0,194644,0.000020620257340811613,0,0,,,
12-2702522-A-G,c.2663+11A>G,intron,0,48496,1,194644,0,0.000005137584513265243,0,,,
12-2702526-T-A,c.2663+15T>A,intron,1,48496,1,194644,0.000020620257340811613,0.000005137584513265243,0,,,
12-2702528-G-C,c.2663+17G>C,intron,0,48496,1,194644,0,0.000005137584513265243,0,,,
12-2702531-A-G,c.2663+20A>G,intron,0,48496,1,194644,0,0.000005137584513265243,0,,,
12-2702537-G-C,c.2663+26G>C,intron,0,48496,1,194644,0,0.000005137584513265243,0,,,
12-2702538-G-A,c.2663+27G>A,intron,0,48496,1,194644,0,0.000005137584513265243,0,,,
12-2702544-G-T,c.2663+33G>T,intron,0,48496,1,194644,0,0.000005137584513265243,0,,,
12-2702546-T-C,c.2663+35T>C,intron,0,48496,1,194644,0,0.000005137584513265243,0,,,
12-2702549-C-G,c.2663+38C>G,intron,0,48496,1,194644,0,0.000005137584513265243,0,,,
12-2702553-A-C,c.2663+42A>C,intron,1,48496,0,194644,0.000020620257340811613,0,0,,,
12-2702554-G-A,c.2663+43G>A,intron,0,48496,1,194644,0,0.000005137584513265243,0,,,
12-2702556-A-G,c.2663+45A>G,intron,1,48496,0,194644,0.000020620257340811613,0,0,,,
12-2702557-C-G,c.2663+46C>G,intron,1,48496,0,194644,0.000020620257340811613,0,0,,,
12-2702558-C-A,c.2663+47C>A,intron,1,48496,0,194644,0.000020620257340811613,0,0,,,
12-2705007-C-T,c.2664-33C>T,intron,1,48496,0,194644,0.000020620257340811613,0,0,,,
12-2705009-T-C,c.2664-31T>C,intron,1,48496,0,194644,0.000020620257340811613,0,0,,,
12-2705009-TG-T,c.2664-30delG,intron,2,48496,0,194644,0.000041240514681623226,0,0,,,
12-2705017-C-T,c.2664-23C>T,intron,0,48496,2,194644,0,0.000010275169026530486,0,,,
12-2705019-C-G,c.2664-21C>G,intron,1,48496,1,194644,0.000020620257340811613,0.000005137584513265243,0,,,
12-2705019-C-T,c.2664-21C>T,intron,0,48496,3,194644,0,0.00001541275353979573,0,,,
12-2705021-T-C,c.2664-19T>C,intron,3,48496,0,194644,0.00006186077202243484,0,0,,,
12-2705022-G-A,c.2664-18G>A,intron,0,48496,1,194644,0,0.000005137584513265243,0,,,
12-2705033-C-T,c.2664-7C>T,splice region,1,48496,4,194644,0.000020620257340811613,0.000020550338053060972,0,,,
12-2705040-G-C,p.Arg888Ser,missense (MPC < 2),0,48496,1,194644,0,0.000005137584513265243,0,,,
12-2705046-C-T,c.2670C>T(p.=),synonymous,0,48496,5,194644,0,0.000025687922566326217,0,,,
12-2705051-A-G,p.Gln892Arg,missense (MPC < 2),0,48496,1,194644,0,0.000005137584513265243,0,,,
12-2705056-C-T,p.His894Tyr,missense (MPC < 2),0,48496,1,194644,0,0.000005137584513265243,0,,,
12-2705059-C-T,p.Arg895Cys,missense (2 ≤ MPC < 3),0,48496,1,194644,0,0.000005137584513265243,0,,,yes
12-2705064-T-G,p.Ile896Met,missense (MPC < 2),0,48496,2,194644,0,0.000010275169026530486,0,,,
12-2705071-G-A,p.Asp899Asn,missense (MPC < 2),0,48496,1,194644,0,0.000005137584513265243,0,,,
12-2705075-C-T,p.Thr900Met,missense (MPC < 2),0,48496,1,194644,0,0.000005137584513265243,0,,,
12-2705079-C-G,p.Ile901Met,missense (MPC < 2),1,48496,1,194644,0.000020620257340811613,0.000005137584513265243,0,,,
12-2705091-G-A,c.2715G>A(p.=),synonymous,0,48496,1,194644,0,0.000005137584513265243,0,,,
12-2705097-C-G,c.2721C>G(p.=),synonymous,0,48496,1,194644,0,0.000005137584513265243,0,,,
12-2705114-G-A,p.Ser913Asn,missense (2 ≤ MPC < 3),0,48496,1,194644,0,0.000005137584513265243,0,,,yes
12-2705125-C-T,c.2749C>T(p.=),synonymous,0,48496,1,194644,0,0.000005137584513265243,0,,,
12-2705136-G-A,c.2760G>A(p.=),synonymous,0,48496,1,194644,0,0.000005137584513265243,0,,,
12-2705175-C-T,c.2793+6C>T,splice region,0,48496,1,194644,0,0.000005137584513265243,0,,,
12-2705176-A-G,c.2793+7A>G,splice region,0,48496,5,194644,0,0.000025687922566326217,0,,,
12-2705179-G-A,c.2793+10G>A,intron,0,48496,1,194644,0,0.000005137584513265243,0,,,
12-2705186-T-G,c.2793+17T>G,intron,0,48496,1,194644,0,0.000005137584513265243,0,,,
12-2705190-C-T,c.2793+21C>T,intron,0,48496,1,194644,0,0.000005137584513265243,0,,,
12-2705193-C-T,c.2793+24C>T,intron,0,48496,2,194644,0,0.000010275169026530486,0,,,
12-2705197-C-T,c.2793+28C>T,intron,0,48496,1,194644,0,0.000005137584513265243,0,,,
12-2705205-CT-C,c.2793+37delT,intron,0,48496,1,194644,0,0.000005137584513265243,0,,,
12-2705208-G-A,c.2793+39G>A,intron,0,48496,7,194644,0,0.0000359630915928567,0,,,
12-2705219-G-C,c.2793+50G>C,intron,1,48496,2,194644,0.000020620257340811613,0.000010275169026530486,0,,,
12-2706346-T-G,c.2794-50T>G,intron,0,48496,1,194644,0,0.000005137584513265243,0,,,
12-2706349-T-G,c.2794-47T>G,intron,0,48496,1,194644,0,0.000005137584513265243,0,,,
12-2706359-C-T,c.2794-37C>T,intron,0,48496,1,194644,0,0.000005137584513265243,0,,,
12-2706369-C-G,c.2794-27C>G,intron,0,48496,1,194644,0,0.000005137584513265243,0,,,
12-2706374-C-A,c.2794-22C>A,intron,1,48496,0,194644,0.000020620257340811613,0,0,,,
12-2706391-T-C,c.2794-5T>C,splice region,0,48496,1,194644,0,0.000005137584513265243,0,,,
12-2706415-T-C,p.Ile938Thr,missense (MPC < 2),1,48496,2,194644,0.000020620257340811613,0.000010275169026530486,0,,,
12-2706418-T-C,p.Val939Ala,missense (MPC < 2),0,48496,2,194644,0,0.000010275169026530486,0,,,
12-2706425-C-T,c.2823C>T(p.=),synonymous,0,48496,1,194644,0,0.000005137584513265243,0,,,
12-2706439-T-C,p.Ile946Thr,missense (MPC < 2),2,48496,6,194644,0.000041240514681623226,0.00003082550707959146,0,,,
12-2706462-C-T,c.2853+7C>T,splice region,1,48496,0,194644,0.000020620257340811613,0,0,,,
12-2706464-C-G,c.2853+9C>G,intron,1,48496,0,194644,0.000020620257340811613,0,0,,,
12-2706464-C-T,c.2853+9C>T,intron,1,48496,0,194644,0.000020620257340811613,0,0,,,
12-2706465-C-T,c.2853+10C>T,intron,0,48496,1,194644,0,0.000005137584513265243,0,,,
12-2706466-C-T,c.2853+11C>T,intron,0,48496,2,194644,0,0.000010275169026530486,0,,,
12-2706469-C-T,c.2853+14C>T,intron,1,48496,0,194644,0.000020620257340811613,0,0,,,
12-2706472-C-T,c.2853+17C>T,intron,0,48496,1,194644,0,0.000005137584513265243,0,,,
12-2706479-TC-T,c.2853+26delC,intron,1,48496,3,194644,0.000020620257340811613,0.00001541275353979573,0,,,
12-2706487-TC-T,c.2853+37delC,intron,0,48496,2,194644,0,0.000010275169026530486,0,,,
12-2706488-C-G,c.2853+33C>G,intron,0,48496,1,194644,0,0.000005137584513265243,0,,,
12-2706488-C-T,c.2853+33C>T,intron,0,48496,1,194644,0,0.000005137584513265243,0,,,
12-2706490-C-G,c.2853+35C>G,intron,0,48496,2,194644,0,0.000010275169026530486,0,,,
12-2706491-C-T,c.2853+36C>T,intron,1,48496,1,194644,0.000020620257340811613,0.000005137584513265243,0,,,
12-2706492-C-T,c.2853+37C>T,intron,3,48496,1,194644,0.00006186077202243484,0.000005137584513265243,0,,,
12-2706504-C-A,c.2853+49C>A,intron,0,48496,1,194644,0,0.000005137584513265243,0,,,
12-2706564-A-C,c.2854-39A>C,intron,1,48496,7,194644,0.000020620257340811613,0.0000359630915928567,0,,,
12-2706565-C-T,c.2854-38C>T,intron,1,48496,7,194644,0.000020620257340811613,0.0000359630915928567,0,,,
12-2706569-C-T,c.2854-34C>T,intron,1,48496,1,194644,0.000020620257340811613,0.000005137584513265243,0,,,
12-2706570-A-G,c.2854-33A>G,intron,0,48496,1,194644,0,0.000005137584513265243,0,,,
12-2706573-G-A,c.2854-30G>A,intron,0,48496,1,194644,0,0.000005137584513265243,0,,,
12-2706585-A-G,c.2854-18A>G,intron,0,48496,1,194644,0,0.000005137584513265243,0,,,
12-2706595-T-A,c.2854-8T>A,splice region,0,48496,1,194644,0,0.000005137584513265243,0,,,
12-2706606-C-T,c.2857C>T(p.=),synonymous,1,48496,0,194644,0.000020620257340811613,0,0,,,
12-2706613-A-G,p.Asn955Ser,missense (MPC < 2),0,48496,1,194644,0,0.000005137584513265243,0,,,
12-2706615-G-A,p.Ala956Thr,missense (2 ≤ MPC < 3),1,48496,0,194644,0.000020620257340811613,0,0,,,yes
12-2706625-T-C,p.Val959Ala,missense (MPC < 2),1,48496,0,194644,0.000020620257340811613,0,0,,,
12-2706633-A-G,p.Ser962Gly,missense (MPC < 2),0,48496,1,194644,0,0.000005137584513265243,0,,,
12-2706636-A-G,p.Ile963Val,missense (MPC < 2),1,48496,0,194644,0.000020620257340811613,0,0,,,
12-2706667-T-C,c.2913+5T>C,splice region,2,48496,0,194644,0.000041240514681623226,0,0,,,
12-2706672-C-A,c.2913+10C>A,intron,0,48496,4,194644,0,0.000020550338053060972,0,,,
12-2706672-C-T,c.2913+10C>T,intron,1,48496,0,194644,0.000020620257340811613,0,0,,,
12-2706674-T-C,c.2913+12T>C,intron,1,48496,0,194644,0.000020620257340811613,0,0,,,
12-2706691-G-T,c.2913+29G>T,intron,0,48496,1,194644,0,0.000005137584513265243,0,,,
12-2706693-C-T,c.2913+31C>T,intron,0,48496,2,194644,0,0.000010275169026530486,0,,,
12-2706694-G-T,c.2913+32G>T,intron,0,48496,1,194644,0,0.000005137584513265243,0,,,
12-2706704-T-A,c.2913+42T>A,intron,0,48496,1,194644,0,0.000005137584513265243,0,,,
12-2706705-C-A,c.2913+43C>A,intron,0,48496,1,194644,0,0.000005137584513265243,0,,,
12-2706708-T-C,c.2913+46T>C,intron,0,48496,1,194644,0,0.000005137584513265243,0,,,
12-2706709-C-A,c.2913+47C>A,intron,0,48496,1,194644,0,0.000005137584513265243,0,,,
12-2710977-G-T,c.2914-43G>T,intron,0,48496,1,194644,0,0.000005137584513265243,0,,,
12-2710991-C-T,c.2914-29C>T,intron,0,48496,1,194644,0,0.000005137584513265243,0,,,
12-2710993-CT-C,c.2914-26delT,intron,1,48496,5,194644,0.000020620257340811613,0.000025687922566326217,0,,,
12-2710994-T-G,c.2914-26T>G,intron,0,48496,1,194644,0,0.000005137584513265243,0,,,
12-2710998-G-A,c.2914-22G>A,intron,0,48496,1,194644,0,0.000005137584513265243,0,,,
12-2711002-C-A,c.2914-18C>A,intron,2,48496,3,194644,0.000041240514681623226,0.00001541275353979573,0,,,
12-2711006-G-T,c.2914-14G>T,intron,1,48496,0,194644,0.000020620257340811613,0,0,,,
12-2711008-C-G,c.2914-12C>G,intron,0,48496,1,194644,0,0.000005137584513265243,0,,,
12-2711062-C-T,p.Arg986Trp,missense (2 ≤ MPC < 3),1,48496,0,194644,0.000020620257340811613,0,0,,,yes
12-2711063-G-A,p.Arg986Gln,missense (2 ≤ MPC < 3),0,48496,1,194644,0,0.000005137584513265243,0,,,yes
12-2711073-C-T,c.2967C>T(p.=),synonymous,0,48496,1,194644,0,0.000005137584513265243,0,,,
12-2711085-C-T,c.2979C>T(p.=),synonymous,1,48496,0,194644,0.000020620257340811613,0,0,,,
12-2711094-G-A,c.2988G>A(p.=),synonymous,0,48496,1,194644,0,0.000005137584513265243,0,,,
12-2711101-G-A,p.Val999Met,missense (2 ≤ MPC < 3),1,48496,1,194644,0.000020620257340811613,0.000005137584513265243,0,,,yes
12-2711103-G-T,c.2997G>T(p.=),synonymous,0,48496,1,194644,0,0.000005137584513265243,0,,,
12-2711120-G-T,p.Gly1005Val,missense (MPC < 2),0,48496,1,194644,0,0.000005137584513265243,0,,,
12-2711134-G-A,c.3020+8G>A,splice region,0,48496,1,194644,0,0.000005137584513265243,0,,,
12-2711137-G-C,c.3020+11G>C,intron,1,48496,0,194644,0.000020620257340811613,0,0,,,
12-2711140-C-A,c.3020+14C>A,intron,0,48496,1,194644,0,0.000005137584513265243,0,,,
12-2711140-C-T,c.3020+14C>T,intron,0,48496,1,194644,0,0.000005137584513265243,0,,,
12-2711141-C-T,c.3020+15C>T,intron,0,48496,5,194644,0,0.000025687922566326217,0,,,
12-2711148-C-T,c.3020+22C>T,intron,0,48496,1,194644,0,0.000005137584513265243,0,,,
12-2711150-C-T,c.3020+24C>T,intron,0,48496,2,194644,0,0.000010275169026530486,0,,,
12-2711153-T-C,c.3020+27T>C,intron,0,48496,1,194644,0,0.000005137584513265243,0,,,
12-2711159-A-G,c.3020+33A>G,intron,0,48496,1,194644,0,0.000005137584513265243,0,,,
12-2711168-G-T,c.3020+42G>T,intron,0,48496,2,194644,0,0.000010275169026530486,0,,,
12-2711173-G-A,c.3020+47G>A,intron,0,48496,1,194644,0,0.000005137584513265243,0,,,
12-2711174-G-T,c.3020+48G>T,intron,1,48496,1,194644,0.000020620257340811613,0.000005137584513265243,0,,,
12-2714197-C-T,c.3021-50C>T,intron,0,48496,1,194644,0,0.000005137584513265243,0,,,
12-2714201-C-A,c.3021-46C>A,intron,1,48496,2,194644,0.000020620257340811613,0.000010275169026530486,0,,,
12-2714201-C-T,c.3021-46C>T,intron,0,48496,1,194644,0,0.000005137584513265243,0,,,
12-2714202-C-A,c.3021-45C>A,intron,0,48496,1,194644,0,0.000005137584513265243,0,,,
12-2714202-C-G,c.3021-45C>G,intron,0,48496,1,194644,0,0.000005137584513265243,0,,,
12-2714205-A-C,c.3021-42A>C,intron,0,48496,1,194644,0,0.000005137584513265243,0,,,
12-2714208-CAGG-C,c.3021-33_3021-31delGAG,intron,1,48496,0,194644,0.000020620257340811613,0,0,,,
12-2714212-AG-A,c.3021-33delG,intron,0,48496,3,194644,0,0.00001541275353979573,0,,,
12-2714224-C-A,c.3021-23C>A,intron,0,48496,3,194644,0,0.00001541275353979573,0,,,
12-2714228-G-T,c.3021-19G>T,intron,0,48496,1,194644,0,0.000005137584513265243,0,,,
12-2714232-G-C,c.3021-15G>C,intron,0,48496,2,194644,0,0.000010275169026530486,0,,,
12-2714238-C-G,c.3021-9C>G,intron,0,48496,1,194644,0,0.000005137584513265243,0,,,
12-2714239-TC-T,c.3021-7delC,splice region,0,48496,1,194644,0,0.000005137584513265243,0,,,
12-2714242-C-T,c.3021-5C>T,splice region,1,48496,3,194644,0.000020620257340811613,0.00001541275353979573,0,,,
12-2714256-A-G,c.3030A>G(p.=),synonymous,1,48496,0,194644,0.000020620257340811613,0,0,,,
12-2714265-C-T,c.3039C>T(p.=),synonymous,1,48496,3,194644,0.000020620257340811613,0.00001541275353979573,0,,,
12-2714266-G-A,p.Val1014Met,missense (2 ≤ MPC < 3),0,48496,2,194644,0,0.000010275169026530486,0,,,yes
12-2714284-C-T,c.3058C>T(p.=),synonymous,1,48496,5,194644,0.000020620257340811613,0.000025687922566326217,0,,,
12-2714316-C-T,c.3090C>T(p.=),synonymous,1,48496,0,194644,0.000020620257340811613,0,0,,,
12-2714328-G-A,c.3102G>A(p.=),synonymous,0,48496,1,194644,0,0.000005137584513265243,0,,,
12-2714334-G-A,c.3108G>A(p.=),splice region,0,48496,2,194644,0,0.000010275169026530486,0,,,
12-2714350-G-A,c.3108+16G>A,intron,0,48496,1,194644,0,0.000005137584513265243,0,,,
12-2714353-T-C,c.3108+19T>C,intron,0,48496,1,194644,0,0.000005137584513265243,0,,,
12-2714354-A-G,c.3108+20A>G,intron,0,48496,1,194644,0,0.000005137584513265243,0,,,
12-2714360-T-C,c.3108+26T>C,intron,2,48496,5,194644,0.000041240514681623226,0.000025687922566326217,0,,,
12-2714365-A-G,c.3108+31A>G,intron,2,48496,2,194644,0.000041240514681623226,0.000010275169026530486,0,,,
12-2714366-G-C,c.3108+32G>C,intron,1,48496,0,194644,0.000020620257340811613,0,0,,,
12-2714374-A-G,c.3108+40A>G,intron,0,48496,1,194644,0,0.000005137584513265243,0,,,
12-2714379-G-A,c.3108+45G>A,intron,0,48496,1,194644,0,0.000005137584513265243,0,,,
12-2714795-C-G,c.3109-50C>G,intron,0,48496,1,194644,0,0.000005137584513265243,0,,,
12-2714795-C-T,c.3109-50C>T,intron,0,48496,3,194644,0,0.00001541275353979573,0,,,
12-2714800-C-T,c.3109-45C>T,intron,1,48496,1,194644,0.000020620257340811613,0.000005137584513265243,0,,,
12-2714807-T-C,c.3109-38T>C,intron,1,48496,8,194644,0.000020620257340811613,0.000041100676106121945,0,,,
12-2714815-C-T,c.3109-30C>T,intron,0,48496,1,194644,0,0.000005137584513265243,0,,,
12-2714816-G-A,c.3109-29G>A,intron,2,48496,4,194644,0.000041240514681623226,0.000020550338053060972,0,,,
12-2714818-C-T,c.3109-27C>T,intron,0,48496,1,194644,0,0.000005137584513265243,0,,,
12-2714828-G-A,c.3109-17G>A,intron,0,48496,3,194644,0,0.00001541275353979573,0,,,
12-2714832-C-A,c.3109-13C>A,intron,0,48496,1,194644,0,0.000005137584513265243,0,,,
12-2714832-C-T,c.3109-13C>T,intron,0,48496,1,194644,0,0.000005137584513265243,0,,,
12-2714835-C-T,c.3109-10C>T,intron,24,17672,57,31322,0.001358080579447714,0.0018198071642934678,,0.84911,-0.12443,
12-2714856-G-A,c.3120G>A(p.=),synonymous,1,48496,0,194644,0.000020620257340811613,0,0,,,
12-2714860-G-A,p.Val1042Met,missense (MPC < 2),0,48496,3,194644,0,0.00001541275353979573,0,,,
12-2714864-T-C,p.Phe1043Ser,missense (2 ≤ MPC < 3),0,48496,1,194644,0,0.000005137584513265243,0,,,yes
12-2714868-C-T,c.3132C>T(p.=),synonymous,1,48496,7,194644,0.000020620257340811613,0.0000359630915928567,0,,,
12-2714869-G-A,p.Ala1045Thr,missense (2 ≤ MPC < 3),0,48496,1,194644,0,0.000005137584513265243,0,,,yes
12-2714875-C-T,p.Arg1047Trp,missense (2 ≤ MPC < 3),1,48496,1,194644,0.000020620257340811613,0.000005137584513265243,0,,,yes
12-2714877-G-A,c.3141G>A(p.=),synonymous,0,48496,10,194644,0,0.000051375845132652434,0,,,
12-2714883-C-T,c.3147C>T(p.=),synonymous,0,48496,2,194644,0,0.000010275169026530486,0,,,
12-2714884-G-A,p.Gly1050Arg,missense (2 ≤ MPC < 3),1,48496,0,194644,0.000020620257340811613,0,0,,,yes
12-2714892-C-T,c.3156C>T(p.=),synonymous,0,48496,4,194644,0,0.000020550338053060972,0,,,
12-2714893-G-A,p.Val1053Met,missense (MPC < 2),0,48496,1,194644,0,0.000005137584513265243,0,,,
12-2714895-G-A,c.3159G>A(p.=),synonymous,1,48496,0,194644,0.000020620257340811613,0,0,,,
12-2714895-G-C,c.3159G>C(p.=),synonymous,1,48496,0,194644,0.000020620257340811613,0,0,,,
12-2714910-G-C,c.3174G>C(p.=),synonymous,90,6696,55,8016,0.013440860215053764,0.0068612774451097805,,0.96996,0.030152,
12-2714919-C-G,p.Phe1061Leu,missense (2 ≤ MPC < 3),1,48496,0,194644,0.000020620257340811613,0,0,,,yes
12-2714934-C-T,c.3198C>T(p.=),synonymous,0,48496,3,194644,0,0.00001541275353979573,0,,,
12-2714940-C-G,c.3204C>G(p.=),synonymous,0,48496,1,194644,0,0.000005137584513265243,0,,,
12-2714958-G-C,c.3216+6G>C,splice region,0,48496,3,194644,0,0.00001541275353979573,0,,,
12-2714965-C-G,c.3216+13C>G,intron,1,48496,0,194644,0.000020620257340811613,0,0,,,
12-2714965-C-T,c.3216+13C>T,intron,1,48496,3,194644,0.000020620257340811613,0.00001541275353979573,0,,,
12-2714968-C-T,c.3216+16C>T,intron,0,48496,3,194644,0,0.00001541275353979573,0,,,
12-2714972-G-C,c.3216+20G>C,intron,0,48496,3,194644,0,0.00001541275353979573,0,,,
12-2714974-G-A,c.3216+22G>A,intron,0,48496,1,194644,0,0.000005137584513265243,0,,,
12-2714984-C-A,c.3216+32C>A,intron,0,48496,1,194644,0,0.000005137584513265243,0,,,
12-2714991-T-C,c.3216+39T>C,intron,0,48496,7,194644,0,0.0000359630915928567,0,,,
12-2714999-G-T,c.3216+47G>T,intron,0,48496,1,194644,0,0.000005137584513265243,0,,,
12-2715001-A-G,c.3216+49A>G,intron,0,48496,1,194644,0,0.000005137584513265243,0,,,
12-2715748-T-G,c.3217-29T>G,intron,1,48496,0,194644,0.000020620257340811613,0,0,,,
12-2715779-A-G,c.3219A>G(p.=),splice region,0,48496,1,194644,0,0.000005137584513265243,0,,,
12-2715781-A-G,p.Lys1074Arg,missense (MPC < 2),0,48496,1,194644,0,0.000005137584513265243,0,,,
12-2715788-C-T,c.3228C>T(p.=),synonymous,0,48496,2,194644,0,0.000010275169026530486,0,,,
12-2715801-A-G,p.Ser1081Gly,missense (MPC < 2),0,48496,1,194644,0,0.000005137584513265243,0,,,
12-2715805-C-T,p.Ser1082Phe,missense (MPC < 2),0,48496,1,194644,0,0.000005137584513265243,0,,,
12-2715819-G-A,p.Ala1087Thr,missense (MPC < 2),0,48496,1,194644,0,0.000005137584513265243,0,,,
12-2715875-C-T,c.3269+46C>T,intron,0,48496,1,194644,0,0.000005137584513265243,0,,,
12-2716107-A-G,c.3270-43A>G,intron,1,48496,0,194644,0.000020620257340811613,0,0,,,
12-2716109-A-T,c.3270-41A>T,intron,0,48496,1,194644,0,0.000005137584513265243,0,,,
12-2716118-C-A,c.3270-32C>A,intron,1,48496,4,194644,0.000020620257340811613,0.000020550338053060972,0,,,
12-2716128-ACTC-A,c.3270-19_3270-17delCCT,intron,1,48496,1,194644,0.000020620257340811613,0.000005137584513265243,0,,,
12-2716131-C-A,c.3270-19C>A,intron,0,48496,2,194644,0,0.000010275169026530486,0,,,
12-2716131-CCTT-C,c.3270-16_3270-14delTCT,intron,0,48496,2,194644,0,0.000010275169026530486,0,,,
12-2716135-C-T,c.3270-15C>T,intron,0,48496,2,194644,0,0.000010275169026530486,0,,,
12-2716137-C-T,c.3270-13C>T,intron,0,48496,1,194644,0,0.000005137584513265243,0,,,
12-2716143-C-G,c.3270-7C>G,splice region,0,48496,1,194644,0,0.000005137584513265243,0,,,
12-2716147-C-T,c.3270-3C>T,splice region,3,48496,7,194644,0.00006186077202243484,0.0000359630915928567,0,,,
12-2716159-C-T,c.3279C>T(p.=),synonymous,0,48496,1,194644,0,0.000005137584513265243,0,,,
12-2716160-A-G,p.Ile1094Val,missense (MPC < 2),0,48496,2,194644,0,0.000010275169026530486,0,,,
12-2716164-C-T,p.Thr1095Met,missense (MPC < 2),0,48496,4,194644,0,0.000020550338053060972,0,,,
12-2716165-G-A,c.3285G>A(p.=),synonymous,1,48496,1,194644,0.000020620257340811613,0.000005137584513265243,0,,,
12-2716174-C-A,p.Asp1098Glu,missense (MPC < 2),2,48496,1,194644,0.000041240514681623226,0.000005137584513265243,0,,,
12-2716174-C-T,c.3294C>T(p.=),synonymous,31,26824,66,41508,0.0011556814792722935,0.0015900549291702805,,0.91101,-0.081353,
12-2716175-G-A,p.Gly1099Arg,missense (MPC < 2),1,48496,2,194644,0.000020620257340811613,0.000010275169026530486,0,,,
12-2716178-G-A,p.Glu1100Lys,missense (MPC < 2),1,48496,0,194644,0.000020620257340811613,0,0,,,
12-2716183-T-G,c.3303T>G(p.=),synonymous,0,48496,1,194644,0,0.000005137584513265243,0,,,
12-2716184-G-A,p.Asp1102Asn,missense (MPC < 2),1,48496,0,194644,0.000020620257340811613,0,0,,,
12-2716185-A-C,p.Asp1102Ala,missense (MPC < 2),0,48496,1,194644,0,0.000005137584513265243,0,,,
12-2716185-A-G,p.Asp1102Gly,missense (MPC < 2),1,48496,0,194644,0.000020620257340811613,0,0,,,
12-2716186-C-T,c.3306C>T(p.=),synonymous,0,48496,1,194644,0,0.000005137584513265243,0,,,
12-2716192-C-G,c.3312C>G(p.=),synonymous,0,48496,2,194644,0,0.000010275169026530486,0,,,
12-2716193-A-G,p.Ile1105Val,missense (MPC < 2),1,48496,0,194644,0.000020620257340811613,0,0,,,
12-2716198-C-T,c.3318C>T(p.=),synonymous,1,48496,5,194644,0.000020620257340811613,0.000025687922566326217,0,,,
12-2716202-C-T,p.Pro1108Ser,missense (MPC < 2),0,48496,1,194644,0,0.000005137584513265243,0,,,
12-2716203-C-A,p.Pro1108His,missense (MPC < 2),0,48496,1,194644,0,0.000005137584513265243,0,,,
12-2716210-C-G,p.Ser1110Arg,missense (MPC < 2),0,48496,1,194644,0,0.000005137584513265243,0,,,
12-2716224-A-G,p.Lys1115Arg,missense (MPC < 2),0,48496,1,194644,0,0.000005137584513265243,0,,,
12-2716225-G-A,c.3345G>A(p.=),synonymous,1,48496,1,194644,0.000020620257340811613,0.000005137584513265243,0,,,
12-2716234-T-C,c.3354T>C(p.=),synonymous,0,48496,1,194644,0,0.000005137584513265243,0,,,
12-2716241-G-A,p.Val1121Ile,missense (MPC < 2),0,48496,1,194644,0,0.000005137584513265243,0,,,
12-2716246-G-C,c.3366G>C(p.=),synonymous,0,48496,1,194644,0,0.000005137584513265243,0,,,
12-2716271-G-A,p.Val1131Ile,missense (MPC < 2),0,48496,3,194644,0,0.00001541275353979573,0,,,
12-2716282-C-T,c.3402C>T(p.=),synonymous,1,48496,2,194644,0.000020620257340811613,0.000010275169026530486,0,,,
12-2716287-G-A,p.Gly1136Glu,missense (2 ≤ MPC < 3),0,48496,1,194644,0,0.000005137584513265243,0,,,yes
12-2716314-G-A,c.3416+18G>A,intron,1,48496,0,194644,0.000020620257340811613,0,0,,,
12-2716315-G-A,c.3416+19G>A,intron,0,48496,1,194644,0,0.000005137584513265243,0,,,
12-2716315-G-T,c.3416+19G>T,intron,0,48496,1,194644,0,0.000005137584513265243,0,,,
12-2716316-C-T,c.3416+20C>T,intron,1,48496,5,194644,0.000020620257340811613,0.000025687922566326217,0,,,
12-2716322-G-A,c.3416+26G>A,intron,0,48496,2,194644,0,0.000010275169026530486,0,,,
12-2716324-G-A,c.3416+28G>A,intron,0,48496,2,194644,0,0.000010275169026530486,0,,,
12-2716324-G-C,c.3416+28G>C,intron,0,48496,1,194644,0,0.000005137584513265243,0,,,
12-2716327-C-T,c.3416+31C>T,intron,0,48496,1,194644,0,0.000005137584513265243,0,,,
12-2716343-A-T,c.3416+47A>T,intron,1,48496,0,194644,0.000020620257340811613,0,0,,,
12-2717632-C-A,c.3417-45C>A,intron,0,48496,1,194644,0,0.000005137584513265243,0,,,
12-2717634-C-G,c.3417-43C>G,intron,0,48496,1,194644,0,0.000005137584513265243,0,,,
12-2717650-C-A,c.3417-27C>A,intron,85,6674,52,7990,0.012735990410548396,0.006508135168961202,,0.52088,0.016808,
12-2717661-C-G,c.3417-16C>G,intron,0,48496,3,194644,0,0.00001541275353979573,0,,,
12-2717664-TCTC-T,c.3417-7_3417-5delCCT,intron,2,48496,2,194644,0.000041240514681623226,0.000010275169026530486,0,,,
12-2717673-G-A,c.3417-4G>A,splice region,1,48496,2,194644,0.000020620257340811613,0.000010275169026530486,0,,,
12-2717674-C-T,c.3417-3C>T,splice region,0,48496,1,194644,0,0.000005137584513265243,0,,,
12-2717687-C-T,p.Arg1143Cys,missense (MPC < 2),0,48496,3,194644,0,0.00001541275353979573,0,,,
12-2717692-C-T,c.3432C>T(p.=),synonymous,0,48496,2,194644,0,0.000010275169026530486,0,,,
12-2717695-C-T,c.3435C>T(p.=),synonymous,1,48496,2,194644,0.000020620257340811613,0.000010275169026530486,0,,,
12-2717696-G-A,p.Asp1146Asn,missense (2 ≤ MPC < 3),0,48496,2,194644,0,0.000010275169026530486,0,,,yes
12-2717707-G-A,c.3447G>A(p.=),synonymous,80,6696,47,8018,0.011947431302270013,0.0058618109254178095,,0.90391,0.032597,
12-2717711-G-A,p.Asp1151Asn,missense (MPC < 2),0,48496,7,194644,0,0.0000359630915928567,0,,,
12-2717713-C-T,c.3453C>T(p.=),synonymous,1,48496,0,194644,0.000020620257340811613,0,0,,,
12-2717719-C-A,c.3459C>A(p.=),synonymous,0,48496,1,194644,0,0.000005137584513265243,0,,,
12-2717719-C-T,c.3459C>T(p.=),synonymous,0,48496,3,194644,0,0.00001541275353979573,0,,,
12-2717723-A-G,p.Ile1155Val,missense (MPC < 2),1,48496,1,194644,0.000020620257340811613,0.000005137584513265243,0,,,
12-2717728-C-T,c.3468C>T(p.=),synonymous,0,48496,1,194644,0,0.000005137584513265243,0,,,
12-2717736-G-A,p.Arg1159His,missense (2 ≤ MPC < 3),1,48496,5,194644,0.000020620257340811613,0.000025687922566326217,0,,,
12-2717744-A-C,p.Ile1162Leu,missense (2 ≤ MPC < 3),1,48496,3,194644,0.000020620257340811613,0.00001541275353979573,0,,,yes
12-2717746-C-T,c.3486C>T(p.=),synonymous,0,48496,3,194644,0,0.00001541275353979573,0,,,
12-2717750-A-G,p.Ile1164Val,missense (MPC < 2),0,48496,1,194644,0,0.000005137584513265243,0,,,
12-2717759-A-G,p.Ile1167Val,missense (MPC < 2),0,48496,1,194644,0,0.000005137584513265243,0,,,
12-2717764-C-A,c.3504C>A(p.=),synonymous,0,48496,1,194644,0,0.000005137584513265243,0,,,
12-2717774-A-T,p.Ile1172Phe,missense (2 ≤ MPC < 3),0,48496,1,194644,0,0.000005137584513265243,0,,,yes
12-2717777-A-G,p.Ile1173Val,missense (MPC < 2),0,48496,1,194644,0,0.000005137584513265243,0,,,
12-2717779-C-T,c.3519C>T(p.=),synonymous,0,48496,2,194644,0,0.000010275169026530486,0,,,
12-2717803-C-T,c.3543C>T(p.=),synonymous,0,48496,2,194644,0,0.000010275169026530486,0,,,
12-2717809-C-G,c.3549C>G(p.=),synonymous,0,48496,2,194644,0,0.000010275169026530486,0,,,
12-2717812-C-T,c.3552C>T(p.=),synonymous,0,48496,2,194644,0,0.000010275169026530486,0,,,
12-2717815-C-T,c.3555C>T(p.=),synonymous,0,48496,1,194644,0,0.000005137584513265243,0,,,
12-2717818-C-A,c.3558C>A(p.=),synonymous,0,48496,1,194644,0,0.000005137584513265243,0,,,
12-2717818-C-T,c.3558C>T(p.=),synonymous,0,48496,2,194644,0,0.000010275169026530486,0,,,
12-2717839-G-A,c.3579G>A(p.=),synonymous,1,48496,0,194644,0.000020620257340811613,0,0,,,
12-2717843-C-T,p.Gln1195Ter,stop gained,1,48496,0,194644,0.000020620257340811613,0,0,,,yes
12-2717851-C-T,c.3591C>T(p.=),synonymous,0,48496,4,194644,0,0.000020550338053060972,0,,,
12-2717887-C-T,c.3618+9C>T,intron,0,48496,1,194644,0,0.000005137584513265243,0,,,
12-2717891-G-A,c.3618+13G>A,intron,0,48496,1,194644,0,0.000005137584513265243,0,,,
12-2717894-G-A,c.3618+16G>A,intron,0,48496,1,194644,0,0.000005137584513265243,0,,,
12-2717898-C-A,c.3618+20C>A,intron,0,48496,2,194644,0,0.000010275169026530486,0,,,
12-2717898-C-T,c.3618+20C>T,intron,0,48496,1,194644,0,0.000005137584513265243,0,,,
12-2717908-C-A,c.3618+30C>A,intron,0,48496,1,194644,0,0.000005137584513265243,0,,,
12-2717909-G-A,c.3618+31G>A,intron,0,48496,1,194644,0,0.000005137584513265243,0,,,
12-2717911-G-A,c.3618+33G>A,intron,1,48496,1,194644,0.000020620257340811613,0.000005137584513265243,0,,,
12-2717914-C-G,c.3618+36C>G,intron,0,48496,1,194644,0,0.000005137584513265243,0,,,
12-2717914-C-T,c.3618+36C>T,intron,1,48496,0,194644,0.000020620257340811613,0,0,,,
12-2717915-C-A,c.3618+37C>A,intron,1,48496,1,194644,0.000020620257340811613,0.000005137584513265243,0,,,
12-2717917-C-A,c.3618+39C>A,intron,0,48496,1,194644,0,0.000005137584513265243,0,,,
12-2717917-C-T,c.3618+39C>T,intron,1,48496,0,194644,0.000020620257340811613,0,0,,,
12-2717918-G-T,c.3618+40G>T,intron,0,48496,5,194644,0,0.000025687922566326217,0,,,
12-2717921-G-A,c.3618+43G>A,intron,1,48496,0,194644,0.000020620257340811613,0,0,,,
12-2717926-T-C,c.3618+48T>C,intron,1,48496,0,194644,0.000020620257340811613,0,0,,,
12-2719657-A-G,c.3619-50A>G,intron,0,48496,1,194644,0,0.000005137584513265243,0,,,
12-2719666-TTAAC-T,c.3619-36_3619-33delTAAC,intron,0,48496,1,194644,0,0.000005137584513265243,0,,,
12-2719670-C-T,c.3619-37C>T,intron,2,48496,2,194644,0.000041240514681623226,0.000010275169026530486,0,,,
12-2719674-C-A,c.3619-33C>A,intron,0,48496,1,194644,0,0.000005137584513265243,0,,,
12-2719677-C-T,c.3619-30C>T,intron,0,48496,2,194644,0,0.000010275169026530486,0,,,
12-2719678-A-C,c.3619-29A>C,intron,1,48496,0,194644,0.000020620257340811613,0,0,,,
12-2719685-C-G,c.3619-22C>G,intron,0,48496,1,194644,0,0.000005137584513265243,0,,,
12-2719686-C-T,c.3619-21C>T,intron,1,48496,1,194644,0.000020620257340811613,0.000005137584513265243,0,,,
12-2719690-C-T,c.3619-17C>T,intron,0,48496,1,194644,0,0.000005137584513265243,0,,,
12-2719694-A-G,c.3619-13A>G,intron,0,48496,1,194644,0,0.000005137584513265243,0,,,
12-2719702-C-T,c.3619-5C>T,splice region,0,48496,1,194644,0,0.000005137584513265243,0,,,
12-2719708-G-A,p.Arg1207Gln,missense (2 ≤ MPC < 3),0,48496,1,194644,0,0.000005137584513265243,0,,,yes
12-2719716-G-A,p.Val1210Met,missense (2 ≤ MPC < 3),0,48496,1,194644,0,0.000005137584513265243,0,,,yes
12-2719716-G-T,p.Val1210Leu,missense (MPC < 2),2,48496,0,194644,0.000041240514681623226,0,0,,,
12-2719724-C-T,c.3636C>T(p.=),synonymous,0,48496,5,194644,0,0.000025687922566326217,0,,,
12-2719737-C-T,p.Arg1217Trp,missense (2 ≤ MPC < 3),0,48496,1,194644,0,0.000005137584513265243,0,,,yes
12-2719738-G-A,p.Arg1217Gln,missense (MPC < 2),1,48496,1,194644,0.000020620257340811613,0.000005137584513265243,0,,,
12-2719742-C-T,c.3654C>T(p.=),synonymous,0,48496,1,194644,0,0.000005137584513265243,0,,,
12-2719751-G-A,c.3663G>A(p.=),synonymous,0,48496,1,194644,0,0.000005137584513265243,0,,,
12-2719772-C-T,c.3684C>T(p.=),synonymous,0,48496,1,194644,0,0.000005137584513265243,0,,,
12-2719774-A-G,p.Gln1229Arg,missense (2 ≤ MPC < 3),0,48496,1,194644,0,0.000005137584513265243,0,,,yes
12-2719775-G-A,c.3687G>A(p.=),synonymous,1,48496,0,194644,0.000020620257340811613,0,0,,,
12-2719790-C-T,c.3702C>T(p.=),synonymous,37,29190,44,43506,0.0012675573826652963,0.0010113547556658852,,0.36604,0.25377,
12-2719791-G-A,p.Val1235Met,missense (MPC < 2),0,48496,3,194644,0,0.00001541275353979573,0,,,
12-2719791-G-C,p.Val1235Leu,missense (MPC < 2),0,48496,1,194644,0,0.000005137584513265243,0,,,
12-2719798-A-C,p.Asn1237Thr,missense (MPC < 2),1,48496,0,194644,0.000020620257340811613,0,0,,,
12-2719811-C-T,c.3723C>T(p.=),synonymous,0,48496,1,194644,0,0.000005137584513265243,0,,,
12-2719826-C-G,p.Phe1246Leu,missense (MPC < 2),0,48496,1,194644,0,0.000005137584513265243,0,,,
12-2719827-G-C,p.Val1247Leu,missense (MPC < 2),0,48496,1,194644,0,0.000005137584513265243,0,,,
12-2719829-C-T,c.3741C>T(p.=),synonymous,1,48496,0,194644,0.000020620257340811613,0,0,,,
12-2719838-G-A,c.3750G>A(p.=),synonymous,0,48496,2,194644,0,0.000010275169026530486,0,,,
12-2719838-G-T,c.3750G>T(p.=),synonymous,0,48496,2,194644,0,0.000010275169026530486,0,,,
12-2719854-C-T,c.3766C>T(p.=),synonymous,0,48496,1,194644,0,0.000005137584513265243,0,,,
12-2719869-A-G,c.3777+4A>G,splice region,0,48496,2,194644,0,0.000010275169026530486,0,,,
12-2719876-G-A,c.3777+11G>A,intron,0,48496,7,194644,0,0.0000359630915928567,0,,,
12-2719892-G-A,c.3777+27G>A,intron,1,48496,1,194644,0.000020620257340811613,0.000005137584513265243,0,,,
12-2719893-G-A,c.3777+28G>A,intron,1,48496,0,194644,0.000020620257340811613,0,0,,,
12-2719895-G-A,c.3777+30G>A,intron,0,48496,2,194644,0,0.000010275169026530486,0,,,
12-2719905-G-A,c.3777+40G>A,intron,0,48496,1,194644,0,0.000005137584513265243,0,,,
12-2719908-G-T,c.3777+43G>T,intron,0,48496,1,194644,0,0.000005137584513265243,0,,,
12-2721022-C-A,c.3778-47C>A,intron,0,48496,1,194644,0,0.000005137584513265243,0,,,
12-2721022-C-T,c.3778-47C>T,intron,0,48496,1,194644,0,0.000005137584513265243,0,,,
12-2721023-G-A,c.3778-46G>A,intron,0,48496,4,194644,0,0.000020550338053060972,0,,,
12-2721025-C-T,c.3778-44C>T,intron,1,48496,0,194644,0.000020620257340811613,0,0,,,
12-2721027-T-A,c.3778-42T>A,intron,0,48496,5,194644,0,0.000025687922566326217,0,,,
12-2721032-G-T,c.3778-37G>T,intron,0,48496,2,194644,0,0.000010275169026530486,0,,,
12-2721034-C-T,c.3778-35C>T,intron,1,48496,0,194644,0.000020620257340811613,0,0,,,
12-2721036-C-T,c.3778-33C>T,intron,1,48496,3,194644,0.000020620257340811613,0.00001541275353979573,0,,,
12-2721055-C-G,c.3778-14C>G,intron,1,48496,0,194644,0.000020620257340811613,0,0,,,
12-2721057-C-T,c.3778-12C>T,intron,0,48496,1,194644,0,0.000005137584513265243,0,,,
12-2721064-T-C,c.3778-5T>C,splice region,0,48496,1,194644,0,0.000005137584513265243,0,,,
12-2721065-G-A,c.3778-4G>A,splice region,0,48496,1,194644,0,0.000005137584513265243,0,,,
12-2721066-C-T,c.3778-3C>T,splice region,1,48496,1,194644,0.000020620257340811613,0.000005137584513265243,0,,,
12-2721099-G-A,p.Ala1270Thr,missense (MPC < 2),0,48496,2,194644,0,0.000010275169026530486,0,,,
12-2721099-G-T,p.Ala1270Ser,missense (MPC < 2),3,48496,2,194644,0.00006186077202243484,0.000010275169026530486,0,,,
12-2721102-A-G,p.Met1271Val,missense (MPC < 2),1,48496,0,194644,0.000020620257340811613,0,0,,,
12-2721103-T-C,p.Met1271Thr,missense (MPC < 2),0,48496,1,194644,0,0.000005137584513265243,0,,,
12-2721106-A-G,p.Asn1272Ser,missense (MPC < 2),1,48496,0,194644,0.000020620257340811613,0,0,,,
12-2721113-C-T,c.3822C>T(p.=),synonymous,3,48496,3,194644,0.00006186077202243484,0.00001541275353979573,0,,,
12-2721120-C-T,p.Leu1277Phe,missense (MPC < 2),0,48496,1,194644,0,0.000005137584513265243,0,,,
12-2721131-C-A,c.3840C>A(p.=),synonymous,51,33990,82,54184,0.001500441306266549,0.0015133618780451795,,0.43415,0.048376,
12-2721131-C-T,c.3840C>T(p.=),synonymous,0,48496,1,194644,0,0.000005137584513265243,0,,,
12-2721137-C-T,c.3846C>T(p.=),synonymous,7830,42246,14049,78288,0.18534299105240734,0.17945278969957082,,0.90553,0.0011844,
12-2721140-C-A,c.3849C>A(p.=),synonymous,1,48496,1,194644,0.000020620257340811613,0.000005137584513265243,0,,,
12-2721140-C-T,c.3849C>T(p.=),synonymous,1,48496,2,194644,0.000020620257340811613,0.000010275169026530486,0,,,
12-2721164-T-G,p.Ile1291Met,missense (MPC < 2),0,48496,1,194644,0,0.000005137584513265243,0,,,
12-2721185-C-T,c.3888+6C>T,splice region,1,48496,0,194644,0.000020620257340811613,0,0,,,
12-2721190-G-A,c.3888+11G>A,intron,1,48496,5,194644,0.000020620257340811613,0.000025687922566326217,0,,,
12-2721196-G-A,c.3888+17G>A,intron,0,48496,1,194644,0,0.000005137584513265243,0,,,
12-2721198-C-T,c.3888+19C>T,intron,0,48496,1,194644,0,0.000005137584513265243,0,,,
12-2721212-G-C,c.3888+33G>C,intron,0,48496,1,194644,0,0.000005137584513265243,0,,,
12-2721214-A-T,c.3888+35A>T,intron,0,48496,1,194644,0,0.000005137584513265243,0,,,
12-2721216-C-T,c.3888+37C>T,intron,0,48496,1,194644,0,0.000005137584513265243,0,,,
12-2721220-G-C,c.3888+41G>C,intron,1,48496,1,194644,0.000020620257340811613,0.000005137584513265243,0,,,
12-2721221-G-A,c.3888+42G>A,intron,1,48496,6,194644,0.000020620257340811613,0.00003082550707959146,0,,,
12-2721223-G-T,c.3888+44G>T,intron,1,48496,0,194644,0.000020620257340811613,0,0,,,
12-2721225-A-C,c.3888+46A>C,intron,0,48496,1,194644,0,0.000005137584513265243,0,,,
12-2721225-A-G,c.3888+46A>G,intron,0,48496,2,194644,0,0.000010275169026530486,0,,,
12-2721226-C-T,c.3888+47C>T,intron,0,48496,1,194644,0,0.000005137584513265243,0,,,
12-2721232-G-A,c.3888+53G>A,intron,1,48496,1,194644,0.000020620257340811613,0.000005137584513265243,0,,,
12-2742757-C-T,c.3889-38C>T,intron,0,48496,1,194644,0,0.000005137584513265243,0,,,
12-2742763-A-C,c.3889-32A>C,intron,0,48496,3,194644,0,0.00001541275353979573,0,,,
12-2742764-A-T,c.3889-31A>T,intron,0,48496,1,194644,0,0.000005137584513265243,0,,,
12-2742812-C-T,c.3906C>T(p.=),synonymous,0,48496,1,194644,0,0.000005137584513265243,0,,,
12-2742824-T-A,p.Phe1306Leu,missense (MPC < 2),0,48496,1,194644,0,0.000005137584513265243,0,,,
12-2742833-C-G,c.3927C>G(p.=),synonymous,1,48496,0,194644,0.000020620257340811613,0,0,,,
12-2742833-C-T,c.3927C>T(p.=),synonymous,0,48496,1,194644,0,0.000005137584513265243,0,,,
12-2742836-C-T,c.3930C>T(p.=),synonymous,0,48496,1,194644,0,0.000005137584513265243,0,,,
12-2742837-G-A,p.Val1311Ile,missense (MPC < 2),0,48496,2,194644,0,0.000010275169026530486,0,,,
12-2742842-T-G,p.Ile1312Met,missense (MPC < 2),0,48496,2,194644,0,0.000010275169026530486,0,,,
12-2742849-A-G,p.Ile1315Val,missense (MPC < 2),28,6702,13,8012,0.0041778573560131305,0.0016225661507738391,,0.24607,0.26929,
12-2742853-T-C,p.Ile1316Thr,missense (MPC < 2),0,48496,2,194644,0,0.000010275169026530486,0,,,
12-2742858-G-A,p.Val1318Ile,missense (MPC < 2),1,48496,0,194644,0.000020620257340811613,0,0,,,
12-2742862-T-A,p.Ile1319Asn,missense (MPC < 2),0,48496,1,194644,0,0.000005137584513265243,0,,,
12-2742876-A-G,p.Asn1324Asp,missense (MPC < 2),1,48496,0,194644,0.000020620257340811613,0,0,,,
12-2742878-TGTGA-T,c.3972+3_3972+6delGAGT,splice donor,1,48496,0,194644,0.000020620257340811613,0,0,,,yes
12-2742893-G-A,c.3972+15G>A,intron,1,48496,2,194644,0.000020620257340811613,0.000010275169026530486,0,,,
12-2742901-C-T,c.3972+23C>T,intron,2,48496,0,194644,0.000041240514681623226,0,0,,,
12-2742902-A-G,c.3972+24A>G,intron,0,48496,1,194644,0,0.000005137584513265243,0,,,
12-2742903-G-A,c.3972+25G>A,intron,1,48496,0,194644,0.000020620257340811613,0,0,,,
12-2742905-A-G,c.3972+27A>G,intron,1,48496,0,194644,0.000020620257340811613,0,0,,,
12-2742907-ACCT-A,c.3972+34_3972+36delCTC,intron,1,48496,1,194644,0.000020620257340811613,0.000005137584513265243,0,,,
12-2742909-C-T,c.3972+31C>T,intron,1,48496,0,194644,0.000020620257340811613,0,0,,,
12-2742910-T-A,c.3972+32T>A,intron,1,48496,0,194644,0.000020620257340811613,0,0,,,
12-2742914-C-A,c.3972+36C>A,intron,0,48496,1,194644,0,0.000005137584513265243,0,,,
12-2742917-TCCTCCTCCTCTG-T,c.3972+44_3972+55delCTCCTCTGCCTC,intron,0,48496,1,194644,0,0.000005137584513265243,0,,,
12-2742918-C-A,c.3972+40C>A,intron,0,48496,1,194644,0,0.000005137584513265243,0,,,
12-2742922-CTCCTCTGCCTCG-C,c.3972+47_3972+58delCTCTGCCTCGTC,intron,1,48496,0,194644,0.000020620257340811613,0,0,,,
12-2742928-T-C,c.3972+50T>C,intron,0,48496,3,194644,0,0.00001541275353979573,0,,,
12-2750893-C-T,c.4057-6748C>T,intron,4975,29220,5930,38670,0.17026009582477755,0.15334884923713474,,0.083203,0.037623,
12-2750906-G-A,c.4057-6735G>A,intron,1,48496,0,194644,0.000020620257340811613,0,0,,,
12-2750952-A-C,c.4057-6689A>C,intron,70,27300,94,36794,0.002564102564102564,0.00255476436375496,,0.64983,-0.074536,
12-2750956-G-C,c.4057-6685G>C,intron,131,29056,149,38454,0.004508535242290749,0.003874759452852759,,0.57186,0.081918,
12-2757596-A-G,c.4057-45A>G,intron,1,48496,0,194644,0.000020620257340811613,0,0,,,
12-2757609-T-C,c.4057-32T>C,intron,0,48496,1,194644,0,0.000005137584513265243,0,,,
12-2757619-CTCTA-C,c.4057-18_4057-15delATCT,intron,0,48496,1,194644,0,0.000005137584513265243,0,,,
12-2757652-T-C,c.4068T>C(p.=),synonymous,0,48496,1,194644,0,0.000005137584513265243,0,,,
12-2757662-T-C,p.Ser1360Pro,missense (MPC < 2),1,48496,0,194644,0.000020620257340811613,0,0,,,
12-2757668-T-C,p.Ser1362Pro,missense (MPC < 2),0,48496,1,194644,0,0.000005137584513265243,0,,,
12-2757670-T-C,c.4086T>C(p.=),synonymous,0,48496,1,194644,0,0.000005137584513265243,0,,,
12-2757671-A-G,p.Met1363Val,missense (MPC < 2),0,48496,3,194644,0,0.00001541275353979573,0,,,
12-2757681-C-T,c.4089+8C>T,splice region,0,48496,1,194644,0,0.000005137584513265243,0,,,
12-2757689-C-A,c.4089+16C>A,intron,0,48496,1,194644,0,0.000005137584513265243,0,,,
12-2757690-C-A,c.4089+17C>A,intron,0,48496,1,194644,0,0.000005137584513265243,0,,,
12-2757691-G-A,c.4089+18G>A,intron,1,48496,2,194644,0.000020620257340811613,0.000010275169026530486,0,,,
12-2757706-T-G,c.4089+33T>G,intron,1,48496,0,194644,0.000020620257340811613,0,0,,,
12-2757710-G-A,c.4089+37G>A,intron,34,6698,26,8012,0.005076142131979695,0.0032451323015476783,,0.83888,-0.17811,
12-2757710-G-C,c.4089+37G>C,intron,1,48496,0,194644,0.000020620257340811613,0,0,,,
12-2757712-G-A,c.4089+39G>A,intron,0,48496,1,194644,0,0.000005137584513265243,0,,,
12-2757717-C-T,c.4089+44C>T,intron,1,48496,0,194644,0.000020620257340811613,0,0,,,
12-2760692-C-A,c.4090-114C>A,intron,1,48496,3,194644,0.000020620257340811613,0.00001541275353979573,0,,,
12-2760707-C-T,c.4090-99C>T,intron,0,48496,1,194644,0,0.000005137584513265243,0,,,
12-2760708-G-A,c.4090-98G>A,intron,30318,41066,47959,62522,0.7382749719962987,0.7670739899555357,,0.83899,0.0063442,
12-2760716-C-T,c.4090-90C>T,intron,1,48496,0,194644,0.000020620257340811613,0,0,,,
12-2760717-A-G,c.4090-89A>G,intron,0,48496,1,194644,0,0.000005137584513265243,0,,,
12-2760722-G-A,c.4090-84G>A,intron,1,48496,4,194644,0.000020620257340811613,0.000020550338053060972,0,,,
12-2760725-C-T,c.4090-81C>T,intron,0,48496,1,194644,0,0.000005137584513265243,0,,,
12-2760735-C-T,c.4090-71C>T,intron,1,48496,1,194644,0.000020620257340811613,0.000005137584513265243,0,,,
12-2760739-G-C,c.4090-67G>C,intron,0,48496,1,194644,0,0.000005137584513265243,0,,,
12-2760742-G-A,c.4090-64G>A,intron,0,48496,1,194644,0,0.000005137584513265243,0,,,
12-2760742-G-T,c.4090-64G>T,intron,0,48496,1,194644,0,0.000005137584513265243,0,,,
12-2760743-C-T,c.4090-63C>T,intron,0,48496,1,194644,0,0.000005137584513265243,0,,,
12-2760747-C-G,c.4090-59C>G,intron,0,48496,1,194644,0,0.000005137584513265243,0,,,
12-2760750-G-A,c.4090-56G>A,intron,1,48496,5,194644,0.000020620257340811613,0.000025687922566326217,0,,,
12-2760756-AC-A,c.4090-44delC,intron,0,48496,1,194644,0,0.000005137584513265243,0,,,
12-2760758-C-T,c.4090-48C>T,intron,1,48496,0,194644,0.000020620257340811613,0,0,,,
12-2760760-C-A,c.4090-46C>A,intron,0,48496,1,194644,0,0.000005137584513265243,0,,,
12-2760760-C-T,c.4090-46C>T,intron,1,48496,3,194644,0.000020620257340811613,0.00001541275353979573,0,,,
12-2760761-C-A,c.4090-45C>A,intron,1,48496,1,194644,0.000020620257340811613,0.000005137584513265243,0,,,
12-2760761-C-T,c.4090-45C>T,intron,0,48496,1,194644,0,0.000005137584513265243,0,,,
12-2760762-C-A,c.4090-44C>A,intron,0,48496,1,194644,0,0.000005137584513265243,0,,,
12-2760762-CT-C,c.4090-43delT,intron,0,48496,3,194644,0,0.00001541275353979573,0,,,
12-2760763-T-G,c.4090-43T>G,intron,0,48496,7,194644,0,0.0000359630915928567,0,,,
12-2760766-T-C,c.4090-40T>C,intron,0,48496,1,194644,0,0.000005137584513265243,0,,,
12-2760779-G-A,c.4090-27G>A,intron,0,48496,1,194644,0,0.000005137584513265243,0,,,
12-2760780-C-T,c.4090-26C>T,intron,0,48496,1,194644,0,0.000005137584513265243,0,,,
12-2760791-G-C,c.4090-15G>C,intron,0,48496,1,194644,0,0.000005137584513265243,0,,,
12-2760792-C-T,c.4090-14C>T,intron,1,48496,1,194644,0.000020620257340811613,0.000005137584513265243,0,,,
12-2760793-C-T,c.4090-13C>T,intron,1,48496,2,194644,0.000020620257340811613,0.000010275169026530486,0,,,
12-2760798-G-A,c.4090-8G>A,splice region,0,48496,1,194644,0,0.000005137584513265243,0,,,
12-2760803-C-T,c.4090-3C>T,splice region,0,48496,1,194644,0,0.000005137584513265243,0,,,
12-2760809-G-A,p.Ala1365Thr,missense (MPC < 2),0,48496,4,194644,0,0.000020550338053060972,0,,,
12-2760822-C-A,p.Ser1369Tyr,missense (2 ≤ MPC < 3),0,48496,1,194644,0,0.000005137584513265243,0,,,yes
12-2760823-C-G,c.4107C>G(p.=),synonymous,0,48496,1,194644,0,0.000005137584513265243,0,,,
12-2760826-C-T,c.4110C>T(p.=),synonymous,0,48496,1,194644,0,0.000005137584513265243,0,,,
12-2760828-T-C,p.Ile1371Thr,missense (2 ≤ MPC < 3),1,48496,0,194644,0.000020620257340811613,0,0,,,yes
12-2760838-C-T,c.4122C>T(p.=),synonymous,1,48496,1,194644,0.000020620257340811613,0.000005137584513265243,0,,,
12-2760848-C-T,c.4132C>T(p.=),synonymous,2,48496,8,194644,0.000041240514681623226,0.000041100676106121945,0,,,
12-2760856-G-A,c.4140G>A(p.=),synonymous,0,48496,1,194644,0,0.000005137584513265243,0,,,
12-2760883-C-A,p.Ser1389Arg,missense (2 ≤ MPC < 3),1,48496,0,194644,0.000020620257340811613,0,0,,,yes
12-2760889-G-A,c.4173G>A(p.=),synonymous,0,48496,1,194644,0,0.000005137584513265243,0,,,
12-2760898-C-T,c.4182C>T(p.=),synonymous,2463,42084,5207,78150,0.058525805531793554,0.06662827895073577,,0.21924,-0.033257,
12-2760900-G-A,p.Arg1395Gln,missense (2 ≤ MPC < 3),0,48496,2,194644,0,0.000010275169026530486,0,,,yes
12-2760903-C-T,p.Thr1396Met,missense (2 ≤ MPC < 3),1,48496,1,194644,0.000020620257340811613,0.000005137584513265243,0,,,yes
12-2760904-G-A,c.4188G>A(p.=),synonymous,1,48496,2,194644,0.000020620257340811613,0.000010275169026530486,0,,,
12-2760940-C-T,c.4218+6C>T,splice region,0,48496,2,194644,0,0.000010275169026530486,0,,,
12-2760941-G-A,c.4218+7G>A,splice region,0,48496,2,194644,0,0.000010275169026530486,0,,,
12-2760941-G-T,c.4218+7G>T,splice region,1,48496,0,194644,0.000020620257340811613,0,0,,,
12-2760942-C-T,c.4218+8C>T,splice region,0,48496,2,194644,0,0.000010275169026530486,0,,,
12-2760943-C-G,c.4218+9C>G,intron,1,48496,0,194644,0.000020620257340811613,0,0,,,
12-2760945-C-T,c.4218+11C>T,intron,1,48496,0,194644,0.000020620257340811613,0,0,,,
12-2760965-GA-G,c.4218+33delA,intron,9186,27844,11513,40288,0.32990949576210316,0.2857674741858618,,0.29006,0.022401,
12-2760970-G-A,c.4218+36G>A,intron,17824,27896,28293,40336,0.6389446515629481,0.701432963109877,,0.59591,-0.010734,
12-2760975-G-T,c.4218+41G>T,intron,0,48496,1,194644,0,0.000005137584513265243,0,,,
12-2762953-T-C,c.4219-48T>C,intron,1,48496,2,194644,0.000020620257340811613,0.000010275169026530486,0,,,
12-2762963-A-C,c.4219-38A>C,intron,0,48496,10,194644,0,0.000051375845132652434,0,,,
12-2762967-C-G,c.4219-34C>G,intron,0,48496,1,194644,0,0.000005137584513265243,0,,,
12-2762969-GC-G,c.4219-30delC,intron,0,48496,1,194644,0,0.000005137584513265243,0,,,
12-2762976-G-T,c.4219-25G>T,intron,0,48496,1,194644,0,0.000005137584513265243,0,,,
12-2762986-T-C,c.4219-15T>C,intron,1,48496,0,194644,0.000020620257340811613,0,0,,,
12-2762997-C-G,c.4219-4C>G,splice region,0,48496,1,194644,0,0.000005137584513265243,0,,,
12-2763004-C-T,c.4222C>T(p.=),synonymous,0,48496,4,194644,0,0.000020550338053060972,0,,,
12-2763012-T-C,c.4230T>C(p.=),synonymous,0,48496,1,194644,0,0.000005137584513265243,0,,,
12-2763027-C-T,c.4245C>T(p.=),synonymous,0,48496,4,194644,0,0.000020550338053060972,0,,,
12-2763028-G-A,p.Val1416Met,missense (MPC < 2),1,48496,0,194644,0.000020620257340811613,0,0,,,
12-2763043-A-G,p.Ile1421Val,missense (MPC < 2),0,48496,1,194644,0,0.000005137584513265243,0,,,
12-2763050-C-T,p.Ala1423Val,missense (2 ≤ MPC < 3),2,48496,0,194644,0.000041240514681623226,0,0,,,yes
12-2763051-G-A,c.4269G>A(p.=),synonymous,0,48496,3,194644,0,0.00001541275353979573,0,,,
12-2763057-C-T,c.4275C>T(p.=),synonymous,1,48496,2,194644,0.000020620257340811613,0.000010275169026530486,0,,,
12-2763060-G-A,c.4278G>A(p.=),synonymous,1,48496,0,194644,0.000020620257340811613,0,0,,,
12-2763082-C-T,c.4284+16C>T,intron,0,48496,1,194644,0,0.000005137584513265243,0,,,
12-2763086-G-A,c.4284+20G>A,intron,0,48496,3,194644,0,0.00001541275353979573,0,,,
12-2763089-G-A,c.4284+23G>A,intron,1,48496,7,194644,0.000020620257340811613,0.0000359630915928567,0,,,
12-2763090-C-A,c.4284+24C>A,intron,0,48496,1,194644,0,0.000005137584513265243,0,,,
12-2763094-T-G,c.4284+28T>G,intron,0,48496,1,194644,0,0.000005137584513265243,0,,,
12-2763100-C-A,c.4284+34C>A,intron,0,48496,1,194644,0,0.000005137584513265243,0,,,
12-2763105-T-A,c.4284+39T>A,intron,2,48496,0,194644,0.000041240514681623226,0,0,,,
12-2763108-G-A,c.4284+42G>A,intron,0,48496,1,194644,0,0.000005137584513265243,0,,,
12-2763111-T-C,c.4284+45T>C,intron,0,48496,1,194644,0,0.000005137584513265243,0,,,
12-2763113-T-C,c.4284+47T>C,intron,0,48496,1,194644,0,0.000005137584513265243,0,,,
12-2764265-C-T,c.4285-48C>T,intron,18,15992,22,20906,0.0011255627813906953,0.0010523294747919257,,0.64452,0.12577,
12-2764269-A-G,c.4285-44A>G,intron,1,48496,2,194644,0.000020620257340811613,0.000010275169026530486,0,,,
12-2764271-C-A,c.4285-42C>A,intron,0,48496,1,194644,0,0.000005137584513265243,0,,,
12-2764286-T-A,c.4285-27T>A,intron,0,48496,1,194644,0,0.000005137584513265243,0,,,
12-2764293-C-T,c.4285-20C>T,intron,0,48496,1,194644,0,0.000005137584513265243,0,,,
12-2764309-C-T,c.4285-4C>T,splice region,0,48496,2,194644,0,0.000010275169026530486,0,,,
12-2764318-T-C,c.4290T>C(p.=),synonymous,0,48496,2,194644,0,0.000010275169026530486,0,,,
12-2764342-C-T,c.4314C>T(p.=),synonymous,1,48496,5,194644,0.000020620257340811613,0.000025687922566326217,0,,,
12-2764343-A-G,p.Thr1439Ala,missense (MPC < 2),0,48496,1,194644,0,0.000005137584513265243,0,,,
12-2764345-A-G,c.4317A>G(p.=),synonymous,0,48496,1,194644,0,0.000005137584513265243,0,,,
12-2764354-C-T,c.4326C>T(p.=),synonymous,1,48496,0,194644,0.000020620257340811613,0,0,,,
12-2764358-A-C,p.Asn1444His,missense (2 ≤ MPC < 3),0,48496,1,194644,0,0.000005137584513265243,0,,,yes
12-2764378-C-T,c.4350C>T(p.=),synonymous,0,48496,1,194644,0,0.000005137584513265243,0,,,
12-2764387-C-T,c.4359C>T(p.=),synonymous,0,48496,1,194644,0,0.000005137584513265243,0,,,
12-2764390-G-A,c.4362G>A(p.=),synonymous,0,48496,1,194644,0,0.000005137584513265243,0,,,
12-2764396-C-T,c.4368C>T(p.=),synonymous,0,48496,1,194644,0,0.000005137584513265243,0,,,
12-2764413-C-G,c.4376+9C>G,intron,0,48496,1,194644,0,0.000005137584513265243,0,,,
12-2764419-A-G,c.4376+15A>G,intron,0,48496,1,194644,0,0.000005137584513265243,0,,,
12-2764422-T-C,c.4376+18T>C,intron,0,48496,2,194644,0,0.000010275169026530486,0,,,
12-2764422-T-G,c.4376+18T>G,intron,1,48496,2,194644,0.000020620257340811613,0.000010275169026530486,0,,,
12-2764425-G-A,c.4376+21G>A,intron,0,48496,1,194644,0,0.000005137584513265243,0,,,
12-2764434-T-C,c.4376+30T>C,intron,1,48496,0,194644,0.000020620257340811613,0,0,,,
12-2764436-C-A,c.4376+32C>A,intron,0,48496,1,194644,0,0.000005137584513265243,0,,,
12-2764442-C-T,c.4376+38C>T,intron,0,48496,1,194644,0,0.000005137584513265243,0,,,
12-2764444-C-A,c.4376+40C>A,intron,1,48496,2,194644,0.000020620257340811613,0.000010275169026530486,0,,,
12-2773946-A-T,c.4377-45A>T,intron,0,48496,1,194644,0,0.000005137584513265243,0,,,
12-2773951-T-C,c.4377-40T>C,intron,1,48496,0,194644,0.000020620257340811613,0,0,,,
12-2773970-G-A,c.4377-21G>A,intron,1,48496,1,194644,0.000020620257340811613,0.000005137584513265243,0,,,
12-2773978-C-T,c.4377-13C>T,intron,0,48496,1,194644,0,0.000005137584513265243,0,,,
12-2773980-C-T,c.4377-11C>T,intron,1,48496,0,194644,0.000020620257340811613,0,0,,,
12-2774029-C-A,p.Ala1472Asp,missense (MPC < 2),0,48496,1,194644,0,0.000005137584513265243,0,,,
12-2774048-G-A,c.4434G>A(p.=),synonymous,1,48496,0,194644,0.000020620257340811613,0,0,,,
12-2774048-G-C,p.Lys1478Asn,missense (MPC < 2),0,48496,1,194644,0,0.000005137584513265243,0,,,
12-2774067-C-T,p.Pro1485Ser,missense (MPC < 2),0,48496,2,194644,0,0.000010275169026530486,0,,,
12-2774071-G-T,p.Ser1486Ile,missense (MPC < 2),0,48496,1,194644,0,0.000005137584513265243,0,,,
12-2774080-C-T,p.Thr1489Met,missense (MPC < 2),0,48496,4,194644,0,0.000020550338053060972,0,,,
12-2774081-G-A,c.4467G>A(p.=),synonymous,1,48496,2,194644,0.000020620257340811613,0.000010275169026530486,0,,,
12-2774084-G-A,c.4470G>A(p.=),synonymous,0,48496,1,194644,0,0.000005137584513265243,0,,,
12-2774087-T-C,c.4473T>C(p.=),synonymous,0,48496,3,194644,0,0.00001541275353979573,0,,,
12-2774094-C-G,p.Pro1494Ala,missense (MPC < 2),0,48496,1,194644,0,0.000005137584513265243,0,,,
12-2774094-C-T,p.Pro1494Ser,missense (MPC < 2),0,48496,1,194644,0,0.000005137584513265243,0,,,
12-2774112-G-T,p.Ala1500Ser,missense (MPC < 2),0,48496,1,194644,0,0.000005137584513265243,0,,,
12-2774114-T-C,c.4500T>C(p.=),synonymous,0,48496,1,194644,0,0.000005137584513265243,0,,,
12-2774115-G-A,p.Val1501Ile,missense (MPC < 2),1,48496,0,194644,0.000020620257340811613,0,0,,,
12-2774115-G-C,p.Val1501Leu,missense (MPC < 2),0,48496,1,194644,0,0.000005137584513265243,0,,,
12-2774118-T-C,p.Phe1502Leu,missense (MPC < 2),0,48496,1,194644,0,0.000005137584513265243,0,,,
12-2774127-A-G,p.Ile1505Val,missense (MPC < 2),0,48496,2,194644,0,0.000010275169026530486,0,,,
12-2774138-C-T,c.4524C>T(p.=),synonymous,0,48496,1,194644,0,0.000005137584513265243,0,,,
12-2774139-A-G,p.Met1509Val,missense (MPC < 2),0,48496,1,194644,0,0.000005137584513265243,0,,,
12-2774144-C-T,c.4530C>T(p.=),synonymous,0,48496,1,194644,0,0.000005137584513265243,0,,,
12-2774159-A-G,c.4542+3A>G,splice region,0,48496,1,194644,0,0.000005137584513265243,0,,,
12-2774170-G-GCCCACCTCGGCCTCCC,c.4542+14_4542+15insCCCACCTCGGCCTCCC,intron,0,48496,1,194644,0,0.000005137584513265243,0,,,
12-2774173-C-T,c.4542+17C>T,intron,0,48496,1,194644,0,0.000005137584513265243,0,,,
12-2774174-T-G,c.4542+18T>G,intron,0,48496,3,194644,0,0.00001541275353979573,0,,,
12-2774185-C-T,c.4542+29C>T,intron,0,48496,1,194644,0,0.000005137584513265243,0,,,
12-2774198-C-T,c.4542+42C>T,intron,0,48496,1,194644,0,0.000005137584513265243,0,,,
12-2774199-C-T,c.4542+43C>T,intron,0,48496,2,194644,0,0.000010275169026530486,0,,,
12-2774206-AGGG-A,c.4542+51_4542+53delGGG,intron,0,48496,2,194644,0,0.000010275169026530486,0,,,
12-2774697-G-A,c.4543-50G>A,intron,0,48496,2,194644,0,0.000010275169026530486,0,,,
12-2774698-G-A,c.4543-49G>A,intron,0,48496,1,194644,0,0.000005137584513265243,0,,,
12-2774698-G-C,c.4543-49G>C,intron,0,48496,1,194644,0,0.000005137584513265243,0,,,
12-2774722-C-T,c.4543-25C>T,intron,0,48496,1,194644,0,0.000005137584513265243,0,,,
12-2774727-C-A,c.4543-20C>A,intron,0,48496,1,194644,0,0.000005137584513265243,0,,,
12-2774727-C-T,c.4543-20C>T,intron,0,48496,8,194644,0,0.000041100676106121945,0,,,
12-2774731-G-T,c.4543-16G>T,intron,1,48496,1,194644,0.000020620257340811613,0.000005137584513265243,0,,,
12-2774734-C-G,c.4543-13C>G,intron,0,48496,1,194644,0,0.000005137584513265243,0,,,
12-2774756-C-G,p.Leu1518Val,missense (2 ≤ MPC < 3),1,48496,0,194644,0.000020620257340811613,0,0,,,yes
12-2774792-C-T,c.4588C>T(p.=),synonymous,0,48496,1,194644,0,0.000005137584513265243,0,,,
12-2774807-T-G,p.Ser1535Ala,missense (2 ≤ MPC < 3),0,48496,1,194644,0,0.000005137584513265243,0,,,yes
12-2774833-T-C,c.4629T>C(p.=),synonymous,648,37884,499,53002,0.017104846373139058,0.009414739066450323,,0.69816,-0.11682,
12-2774833-T-TGAGTTTAAAAGAATCTGGGCA,p.Phe1545_Glu1551dup,inframe insertion,1,48496,0,194644,0.000020620257340811613,0,0,,,
12-2774854-A-G,c.4650A>G(p.=),synonymous,0,48496,1,194644,0,0.000005137584513265243,0,,,
12-2774857-G-T,p.Glu1551Asp,missense (2 ≤ MPC < 3),0,48496,1,194644,0,0.000005137584513265243,0,,,yes
12-2774885-A-G,c.4670+11A>G,intron,1,48496,0,194644,0.000020620257340811613,0,0,,,
12-2774886-G-C,c.4670+12G>C,intron,0,48496,2,194644,0,0.000010275169026530486,0,,,
12-2774895-C-A,c.4670+21C>A,intron,0,48496,1,194644,0,0.000005137584513265243,0,,,
12-2774900-T-A,c.4670+26T>A,intron,0,48496,1,194644,0,0.000005137584513265243,0,,,
12-2774907-A-G,c.4670+33A>G,intron,0,48496,1,194644,0,0.000005137584513265243,0,,,
12-2774919-G-A,c.4670+45G>A,intron,0,48496,1,194644,0,0.000005137584513265243,0,,,
12-2774923-A-G,c.4670+49A>G,intron,0,48496,1,194644,0,0.000005137584513265243,0,,,
12-2775808-C-T,c.4671-44C>T,intron,0,48496,1,194644,0,0.000005137584513265243,0,,,
12-2775846-T-A,c.4671-6T>A,splice region,0,48496,1,194644,0,0.000005137584513265243,0,,,
12-2775961-G-A,c.4767+13G>A,intron,28,6702,22,8016,0.0041778573560131305,0.0027445109780439123,,0.59384,-0.27803,
12-2778052-A-C,c.4768-47A>C,intron,0,48496,2,194644,0,0.000010275169026530486,0,,,
12-2778052-A-G,c.4768-47A>G,intron,164,6686,91,8012,0.02452886628776548,0.011357963055416875,,0.55758,0.025633,
12-2778054-G-A,c.4768-45G>A,intron,0,48496,1,194644,0,0.000005137584513265243,0,,,
12-2778055-C-T,c.4768-44C>T,intron,0,48496,1,194644,0,0.000005137584513265243,0,,,
12-2778058-C-T,c.4768-41C>T,intron,0,48496,2,194644,0,0.000010275169026530486,0,,,
12-2778061-C-G,c.4768-38C>G,intron,1110,20870,695,22214,0.05318639195016771,0.03128657603313226,,0.71378,-0.092107,
12-2778062-T-TGCCA,c.4768-36_4768-33dupGCCA,intron,0,48496,1,194644,0,0.000005137584513265243,0,,,
12-2778071-C-T,c.4768-28C>T,intron,0,48496,1,194644,0,0.000005137584513265243,0,,,
12-2778072-A-C,c.4768-27A>C,intron,0,48496,1,194644,0,0.000005137584513265243,0,,,
12-2778077-C-CTT,c.4768-20_4768-19dupTT,intron,0,48496,1,194644,0,0.000005137584513265243,0,,,
12-2778081-G-A,c.4768-18G>A,intron,0,48496,1,194644,0,0.000005137584513265243,0,,,
12-2778083-T-G,c.4768-16T>G,intron,0,48496,1,194644,0,0.000005137584513265243,0,,,
12-2778091-G-A,c.4768-8G>A,splice region,1,48496,2,194644,0.000020620257340811613,0.000010275169026530486,0,,,
12-2778100-G-A,p.Arg1590His,missense (2 ≤ MPC < 3),0,48496,2,194644,0,0.000010275169026530486,0,,,yes
12-2778104-G-A,c.4773G>A(p.=),synonymous,1,48496,0,194644,0.000020620257340811613,0,0,,,
12-2778131-C-T,c.4800C>T(p.=),synonymous,0,48496,1,194644,0,0.000005137584513265243,0,,,
12-2778135-G-A,p.Gly1602Arg,missense (2 ≤ MPC < 3),1,48496,0,194644,0.000020620257340811613,0,0,,,yes
12-2778140-A-G,c.4809A>G(p.=),synonymous,0,48496,2,194644,0,0.000010275169026530486,0,,,
12-2778159-C-T,c.4828C>T(p.=),synonymous,0,48496,1,194644,0,0.000005137584513265243,0,,,
12-2778161-G-A,c.4830G>A(p.=),synonymous,1,48496,0,194644,0.000020620257340811613,0,0,,,
12-2778178-C-T,p.Thr1616Met,missense (2 ≤ MPC < 3),0,48496,3,194644,0,0.00001541275353979573,0,,,yes
12-2778179-G-A,c.4848G>A(p.=),synonymous,0,48496,1,194644,0,0.000005137584513265243,0,,,
12-2778201-G-A,p.Gly1624Arg,missense (2 ≤ MPC < 3),0,48496,1,194644,0,0.000005137584513265243,0,,,yes
12-2778204-A-G,c.4870+3A>G,splice region,1,48496,1,194644,0.000020620257340811613,0.000005137584513265243,0,,,
12-2778207-G-A,c.4870+6G>A,splice region,0,48496,1,194644,0,0.000005137584513265243,0,,,
12-2778207-G-T,c.4870+6G>T,splice region,1,48496,0,194644,0.000020620257340811613,0,0,,,
12-2778209-C-T,c.4870+8C>T,splice region,0,48496,3,194644,0,0.00001541275353979573,0,,,
12-2778211-C-T,c.4870+10C>T,intron,0,48496,1,194644,0,0.000005137584513265243,0,,,
12-2778212-C-T,c.4870+11C>T,intron,0,48496,1,194644,0,0.000005137584513265243,0,,,
12-2778213-C-G,c.4870+12C>G,intron,0,48496,1,194644,0,0.000005137584513265243,0,,,
12-2778213-C-T,c.4870+12C>T,intron,1,48496,1,194644,0.000020620257340811613,0.000005137584513265243,0,,,
12-2778216-G-A,c.4870+15G>A,intron,0,48496,1,194644,0,0.000005137584513265243,0,,,
12-2778216-G-T,c.4870+15G>T,intron,0,48496,1,194644,0,0.000005137584513265243,0,,,
12-2778220-A-G,c.4870+19A>G,intron,0,48496,2,194644,0,0.000010275169026530486,0,,,
12-2778222-T-G,c.4870+21T>G,intron,0,48496,1,194644,0,0.000005137584513265243,0,,,
12-2778231-C-T,c.4870+30C>T,intron,2,48496,1,194644,0.000041240514681623226,0.000005137584513265243,0,,,
12-2778237-G-C,c.4870+36G>C,intron,0,48496,2,194644,0,0.000010275169026530486,0,,,
12-2778241-G-T,c.4870+40G>T,intron,1,48496,1,194644,0.000020620257340811613,0.000005137584513265243,0,,,
12-2778250-A-ACAAT,c.4870+52_4870+55dupATCA,intron,0,48496,1,194644,0,0.000005137584513265243,0,,,
12-2783605-T-G,c.4871-102T>G,intron,0,48496,1,194644,0,0.000005137584513265243,0,,,
12-2783634-T-G,c.4871-73T>G,intron,0,48496,1,194644,0,0.000005137584513265243,0,,,
12-2783689-A-G,c.4871-18A>G,intron,1,48496,0,194644,0.000020620257340811613,0,0,,,
12-2783697-C-T,c.4871-10C>T,intron,0,48496,1,194644,0,0.000005137584513265243,0,,,
12-2783762-G-A,c.4926G>A(p.=),synonymous,1,48496,1,194644,0.000020620257340811613,0.000005137584513265243,0,,,
12-2783795-G-A,c.4959G>A(p.=),synonymous,0,48496,1,194644,0,0.000005137584513265243,0,,,
12-2783795-G-T,c.4959G>T(p.=),synonymous,1,48496,0,194644,0.000020620257340811613,0,0,,,
12-2786222-TCCCCTCTTAC-T,c.4973-30_4973-21delTACCCCCTCT,intron,1,48496,1,194644,0.000020620257340811613,0.000005137584513265243,0,,,
12-2786233-C-T,c.4973-27C>T,intron,0,48496,1,194644,0,0.000005137584513265243,0,,,
12-2786235-C-CCT,c.4973-21_4973-20dupTC,intron,0,48496,8,194644,0,0.000041100676106121945,0,,,
12-2786236-C-CT,c.4973-23dupT,intron,0,48496,1,194644,0,0.000005137584513265243,0,,,
12-2786242-C-A,c.4973-18C>A,intron,0,48496,1,194644,0,0.000005137584513265243,0,,,
12-2786242-C-G,c.4973-18C>G,intron,0,48496,1,194644,0,0.000005137584513265243,0,,,
12-2786255-C-T,c.4973-5C>T,splice region,0,48496,1,194644,0,0.000005137584513265243,0,,,
12-2786268-G-A,p.Val1661Ile,missense (MPC < 2),0,48496,1,194644,0,0.000005137584513265243,0,,,
12-2786288-C-T,c.5001C>T(p.=),synonymous,1,48496,3,194644,0.000020620257340811613,0.00001541275353979573,0,,,
12-2786318-G-A,c.5031G>A(p.=),synonymous,0,48496,1,194644,0,0.000005137584513265243,0,,,
12-2786318-G-C,c.5031G>C(p.=),synonymous,0,48496,1,194644,0,0.000005137584513265243,0,,,
12-2786321-G-A,c.5034G>A(p.=),synonymous,1,48496,0,194644,0.000020620257340811613,0,0,,,
12-2786330-G-A,c.5043G>A(p.=),synonymous,0,48496,2,194644,0,0.000010275169026530486,0,,,
12-2786332-G-A,p.Arg1682His,missense (2 ≤ MPC < 3),0,48496,1,194644,0,0.000005137584513265243,0,,,yes
12-2786335-A-C,p.Lys1683Thr,missense (2 ≤ MPC < 3),1,48496,0,194644,0.000020620257340811613,0,0,,,yes
12-2786341-A-G,p.Gln1685Arg,missense (MPC < 2),0,48496,1,194644,0,0.000005137584513265243,0,,,
12-2786342-G-A,c.5055G>A(p.=),synonymous,0,48496,1,194644,0,0.000005137584513265243,0,,,
12-2786352-G-A,p.Gly1689Ser,missense (MPC < 2),0,48496,1,194644,0,0.000005137584513265243,0,,,
12-2786358-C-T,p.Pro1691Ser,missense (MPC < 2),0,48496,2,194644,0,0.000010275169026530486,0,,,
12-2786362-C-T,p.Ser1692Phe,missense (MPC < 2),0,48496,1,194644,0,0.000005137584513265243,0,,,
12-2786376-C-T,c.5089C>T(p.=),synonymous,1,48496,0,194644,0.000020620257340811613,0,0,,,
12-2786377-T-C,p.Leu1697Pro,missense (MPC < 2),0,48496,3,194644,0,0.00001541275353979573,0,,,
12-2786381-T-C,c.5094T>C(p.=),synonymous,0,48496,1,194644,0,0.000005137584513265243,0,,,
12-2786387-G-A,c.5100G>A(p.=),splice region,0,48496,1,194644,0,0.000005137584513265243,0,,,
12-2786393-G-A,c.5100+6G>A,splice region,0,48496,1,194644,0,0.000005137584513265243,0,,,
12-2786394-G-A,c.5100+7G>A,splice region,1,48496,1,194644,0.000020620257340811613,0.000005137584513265243,0,,,
12-2786398-G-A,c.5100+11G>A,intron,0,48496,1,194644,0,0.000005137584513265243,0,,,
12-2786400-G-A,c.5100+13G>A,intron,2,48496,3,194644,0.000041240514681623226,0.00001541275353979573,0,,,
12-2786402-G-A,c.5100+15G>A,intron,0,48496,1,194644,0,0.000005137584513265243,0,,,
12-2786404-G-A,c.5100+17G>A,intron,58,29022,94,43320,0.0019984839087588725,0.002169898430286242,,0.96898,0.0033721,
12-2786405-G-A,c.5100+18G>A,intron,0,48496,1,194644,0,0.000005137584513265243,0,,,
12-2786406-G-A,c.5100+19G>A,intron,1,48496,1,194644,0.000020620257340811613,0.000005137584513265243,0,,,
12-2786413-C-T,c.5100+26C>T,intron,0,48496,1,194644,0,0.000005137584513265243,0,,,
12-2786418-G-A,c.5100+31G>A,intron,0,48496,2,194644,0,0.000010275169026530486,0,,,
12-2786432-A-T,c.5100+45A>T,intron,1,48496,1,194644,0.000020620257340811613,0.000005137584513265243,0,,,
12-2786433-T-C,c.5100+46T>C,intron,3,48496,6,194644,0.00006186077202243484,0.00003082550707959146,0,,,
12-2786850-C-CTTGGAGGA,c.5101-48_5101-41dupTTGGAGGA,intron,243,6690,154,8010,0.03632286995515695,0.019225967540574283,,0.47442,-0.06553,
12-2786851-T-C,c.5101-48T>C,intron,16,12174,19,16196,0.0013142763265976672,0.0011731291676957273,,0.85289,0.15649,
12-2786853-G-T,c.5101-46G>T,intron,2,48496,0,194644,0.000041240514681623226,0,0,,,
12-2786854-G-A,c.5101-45G>A,intron,0,48496,1,194644,0,0.000005137584513265243,0,,,
12-2786866-C-T,c.5101-33C>T,intron,2,48496,2,194644,0.000041240514681623226,0.000010275169026530486,0,,,
12-2786869-G-C,c.5101-30G>C,intron,0,48496,1,194644,0,0.000005137584513265243,0,,,
12-2786913-A-G,c.5115A>G(p.=),synonymous,0,48496,1,194644,0,0.000005137584513265243,0,,,
12-2786922-C-T,c.5124C>T(p.=),synonymous,1,48496,0,194644,0.000020620257340811613,0,0,,,
12-2786923-A-G,p.Ile1709Val,missense (MPC < 2),0,48496,1,194644,0,0.000005137584513265243,0,,,
12-2786925-C-T,c.5127C>T(p.=),synonymous,1,48496,1,194644,0.000020620257340811613,0.000005137584513265243,0,,,
12-2786926-G-A,p.Gly1710Arg,missense (MPC < 2),1,48496,2,194644,0.000020620257340811613,0.000010275169026530486,0,,,
12-2786926-G-C,p.Gly1710Arg,missense (MPC < 2),0,48496,2,194644,0,0.000010275169026530486,0,,,
12-2786928-G-T,c.5130G>T(p.=),synonymous,0,48496,2,194644,0,0.000010275169026530486,0,,,
12-2786941-C-T,p.Arg1715Trp,missense (2 ≤ MPC < 3),0,48496,2,194644,0,0.000010275169026530486,0,,,yes
12-2786942-G-A,p.Arg1715Gln,missense (MPC < 2),0,48496,2,194644,0,0.000010275169026530486,0,,,
12-2786954-G-C,p.Gly1719Ala,missense (MPC < 2),0,48496,1,194644,0,0.000005137584513265243,0,,,
12-2786966-C-G,p.Ala1723Gly,missense (MPC < 2),0,48496,1,194644,0,0.000005137584513265243,0,,,
12-2786967-TGAG-T,p.Glu1726del,inframe deletion,1,48496,2,194644,0.000020620257340811613,0.000010275169026530486,0,,,
12-2786986-G-A,p.Ala1730Thr,missense (MPC < 2),0,48496,5,194644,0,0.000025687922566326217,0,,,
12-2786989-A-G,p.Met1731Val,missense (MPC < 2),0,48496,2,194644,0,0.000010275169026530486,0,,,
12-2786990-T-G,p.Met1731Arg,missense (MPC < 2),1,48496,2,194644,0.000020620257340811613,0.000010275169026530486,0,,,
12-2786995-G-A,p.Glu1733Lys,missense (MPC < 2),1,48496,2,194644,0.000020620257340811613,0.000010275169026530486,0,,,
12-2787002-T-A,p.Val1735Glu,missense (MPC < 2),0,48496,1,194644,0,0.000005137584513265243,0,,,
12-2787026-T-C,p.Ile1743Thr,missense (MPC < 2),0,48496,1,194644,0,0.000005137584513265243,0,,,
12-2787027-C-T,c.5229C>T(p.=),synonymous,0,48496,1,194644,0,0.000005137584513265243,0,,,
12-2787032-G-T,p.Arg1745Met,missense (MPC < 2),0,48496,1,194644,0,0.000005137584513265243,0,,,
12-2787034-G-A,c.5235+1G>A,splice donor,0,48496,1,194644,0,0.000005137584513265243,0,,,yes
12-2787041-G-A,c.5235+8G>A,splice region,1,48496,1,194644,0.000020620257340811613,0.000005137584513265243,0,,,
12-2787043-G-A,c.5235+10G>A,intron,0,48496,1,194644,0,0.000005137584513265243,0,,,
12-2787050-C-T,c.5235+17C>T,intron,5,1816,47,16690,0.0027533039647577094,0.002816057519472738,,0.96403,0.091488,
12-2787052-C-G,c.5235+19C>G,intron,0,48496,2,194644,0,0.000010275169026530486,0,,,
12-2787056-C-T,c.5235+23C>T,intron,0,48496,1,194644,0,0.000005137584513265243,0,,,
12-2787058-C-T,c.5235+25C>T,intron,1923,42122,3479,78196,0.045653102891600586,0.04449076679114021,,0.87134,-0.01592,
12-2787064-C-A,c.5235+31C>A,intron,0,48496,2,194644,0,0.000010275169026530486,0,,,
12-2787067-T-A,c.5235+34T>A,intron,1,48496,0,194644,0.000020620257340811613,0,0,,,
12-2787068-A-G,c.5235+35A>G,intron,1,48496,3,194644,0.000020620257340811613,0.00001541275353979573,0,,,
12-2788594-T-C,c.5236-16T>C,intron,1,48496,1,194644,0.000020620257340811613,0.000005137584513265243,0,,,
12-2788594-T-TCC,c.5236-15_5236-14dupCC,intron,1,48496,1,194644,0.000020620257340811613,0.000005137584513265243,0,,,
12-2788615-C-T,c.5241C>T(p.=),synonymous,211,27404,512,48030,0.007699605896949351,0.010660004164064126,,0.63115,0.038481,
12-2788616-G-C,p.Gly1748Arg,missense (MPC < 2),1,48496,1,194644,0.000020620257340811613,0.000005137584513265243,0,,,
12-2788627-C-G,p.Phe1751Leu,missense (MPC < 2),0,48496,3,194644,0,0.00001541275353979573,0,,,
12-2788634-C-G,p.His1754Asp,missense (MPC < 2),0,48496,1,194644,0,0.000005137584513265243,0,,,
12-2788636-C-A,p.His1754Gln,missense (MPC < 2),1,48496,0,194644,0.000020620257340811613,0,0,,,
12-2788645-C-T,c.5271C>T(p.=),synonymous,0,48496,2,194644,0,0.000010275169026530486,0,,,
12-2788646-T-G,p.Tyr1758Asp,missense (MPC < 2),0,48496,1,194644,0,0.000005137584513265243,0,,,
12-2788655-G-A,p.Asp1761Asn,missense (MPC < 2),0,48496,2,194644,0,0.000010275169026530486,0,,,
12-2788656-A-G,p.Asp1761Gly,missense (MPC < 2),1,48496,5,194644,0.000020620257340811613,0.000025687922566326217,0,,,
12-2788657-C-T,c.5283C>T(p.=),synonymous,77,6686,48,7978,0.011516601854621597,0.006016545500125345,,0.38361,0.048417,
12-2788659-G-T,p.Gly1762Val,missense (MPC < 2),1,48496,0,194644,0.000020620257340811613,0,0,,,
12-2788661-C-T,p.Arg1763Trp,missense (MPC < 2),1,48496,0,194644,0.000020620257340811613,0,0,,,
12-2788666-C-T,c.5292C>T(p.=),synonymous,0,48496,2,194644,0,0.000010275169026530486,0,,,
12-2788668-C-G,p.Ala1765Gly,missense (MPC < 2),5,3584,34,9448,0.0013950892857142857,0.0035986452159187127,,0.071386,-0.76178,
12-2788668-C-T,p.Ala1765Val,missense (MPC < 2),0,48496,2,194644,0,0.000010275169026530486,0,,,
12-2788669-C-T,c.5295C>T(p.=),synonymous,0,48496,1,194644,0,0.000005137584513265243,0,,,
12-2788681-C-T,c.5307C>T(p.=),synonymous,0,48496,1,194644,0,0.000005137584513265243,0,,,
12-2788682-T-G,p.Phe1770Val,missense (MPC < 2),1,48496,6,194644,0.000020620257340811613,0.00003082550707959146,0,,,
12-2788687-C-A,c.5313C>A(p.=),synonymous,0,48496,2,194644,0,0.000010275169026530486,0,,,
12-2788687-C-T,c.5313C>T(p.=),synonymous,0,48496,1,194644,0,0.000005137584513265243,0,,,
12-2788695-G-A,p.Arg1774His,missense (MPC < 2),0,48496,2,194644,0,0.000010275169026530486,0,,,
12-2788702-G-A,c.5328G>A(p.=),synonymous,0,48496,1,194644,0,0.000005137584513265243,0,,,
12-2788704-A-G,p.His1777Arg,missense (MPC < 2),0,48496,1,194644,0,0.000005137584513265243,0,,,
12-2788706-A-G,p.Ile1778Val,missense (MPC < 2),1,48496,0,194644,0.000020620257340811613,0,0,,,
12-2788709-A-G,p.Asn1779Asp,missense (MPC < 2),1,48496,0,194644,0.000020620257340811613,0,0,,,
12-2788716-C-T,p.Ala1781Val,missense (MPC < 2),2,48496,4,194644,0.000041240514681623226,0.000020550338053060972,0,,,
12-2788720-C-T,c.5346C>T(p.=),synonymous,0,48496,3,194644,0,0.00001541275353979573,0,,,
12-2788731-G-A,p.Gly1786Asp,missense (MPC < 2),1,48496,2,194644,0.000020620257340811613,0.000010275169026530486,0,,,
12-2788732-C-A,c.5358C>A(p.=),synonymous,43,26812,75,41482,0.0016037595106668655,0.0018080131141217878,,0.67149,0.0034915,
12-2788735-C-T,c.5361C>T(p.=),synonymous,0,48496,1,194644,0,0.000005137584513265243,0,,,
12-2788741-G-A,c.5367G>A(p.=),synonymous,0,48496,1,194644,0,0.000005137584513265243,0,,,
12-2788743-C-T,p.Ser1790Leu,missense (MPC < 2),0,48496,1,194644,0,0.000005137584513265243,0,,,
12-2788744-G-A,c.5370G>A(p.=),synonymous,0,48496,5,194644,0,0.000025687922566326217,0,,,
12-2788752-A-G,p.His1793Arg,missense (MPC < 2),1,48496,0,194644,0.000020620257340811613,0,0,,,
12-2788754-G-A,p.Glu1794Lys,missense (MPC < 2),1,48496,4,194644,0.000020620257340811613,0.000020550338053060972,0,,,
12-2788763-G-A,p.Val1797Met,missense (MPC < 2),1,48496,0,194644,0.000020620257340811613,0,0,,,
12-2788766-G-A,p.Asp1798Asn,missense (MPC < 2),1,48496,0,194644,0.000020620257340811613,0,0,,,
12-2788768-C-T,c.5394C>T(p.=),synonymous,0,48496,1,194644,0,0.000005137584513265243,0,,,
12-2788773-C-T,p.Thr1800Ile,missense (MPC < 2),0,48496,1,194644,0,0.000005137584513265243,0,,,
12-2788782-C-G,p.Pro1803Arg,missense (MPC < 2),1,48496,0,194644,0.000020620257340811613,0,0,,,
12-2788782-C-T,p.Pro1803Leu,missense (MPC < 2),0,48496,1,194644,0,0.000005137584513265243,0,,,
12-2788783-G-A,c.5409G>A(p.=),synonymous,0,48496,1,194644,0,0.000005137584513265243,0,,,
12-2788792-C-T,c.5418C>T(p.=),synonymous,0,48496,1,194644,0,0.000005137584513265243,0,,,
12-2788794-C-T,p.Ser1807Leu,missense (MPC < 2),0,48496,1,194644,0,0.000005137584513265243,0,,,
12-2788795-G-A,c.5421G>A(p.=),synonymous,1,48496,4,194644,0.000020620257340811613,0.000020550338053060972,0,,,
12-2788801-C-T,c.5427C>T(p.=),synonymous,0,48496,2,194644,0,0.000010275169026530486,0,,,
12-2788804-C-G,c.5430C>G(p.=),synonymous,0,48496,1,194644,0,0.000005137584513265243,0,,,
12-2788806-C-CCAACGCCAACATCAA,p.Ile1815_Asn1819dup,inframe insertion,0,48496,1,194644,0,0.000005137584513265243,0,,,
12-2788810-C-T,c.5436C>T(p.=),synonymous,2541,42136,4642,78198,0.06030472754888931,0.059362132023836924,,0.19046,0.039364,
12-2788812-C-CCAACAT,p.Ile1815_Asn1816dup,inframe insertion,0,48496,2,194644,0,0.000010275169026530486,0,,,
12-2788818-T-TCAACAACGC,p.Ala1818_Asn1820dup,inframe insertion,1,48496,1,194644,0.000020620257340811613,0.000005137584513265243,0,,,
12-2788826-G-A,p.Ala1818Thr,missense (MPC < 2),0,48496,1,194644,0,0.000005137584513265243,0,,,
12-2788831-C-T,c.5457C>T(p.=),synonymous,0,48496,1,194644,0,0.000005137584513265243,0,,,
12-2788834-C-T,c.5460C>T(p.=),synonymous,0,48496,1,194644,0,0.000005137584513265243,0,,,
12-2788838-G-A,p.Ala1822Thr,missense (MPC < 2),2,48496,1,194644,0.000041240514681623226,0.000005137584513265243,0,,,
12-2788838-G-T,p.Ala1822Ser,missense (MPC < 2),0,48496,1,194644,0,0.000005137584513265243,0,,,
12-2788839-C-T,p.Ala1822Val,missense (MPC < 2),0,48496,1,194644,0,0.000005137584513265243,0,,,
12-2788848-G-A,p.Arg1825His,missense (MPC < 2),0,48496,2,194644,0,0.000010275169026530486,0,,,
12-2788849-C-T,c.5475C>T(p.=),synonymous,1,48496,4,194644,0.000020620257340811613,0.000020550338053060972,0,,,
12-2788857-G-A,p.Arg1828His,missense (MPC < 2),0,48496,3,194644,0,0.00001541275353979573,0,,,
12-2788864-C-G,c.5490C>G(p.=),synonymous,0,48496,2,194644,0,0.000010275169026530486,0,,,
12-2788864-C-T,c.5490C>T(p.=),synonymous,0,48496,3,194644,0,0.00001541275353979573,0,,,
12-2788870-C-T,c.5496C>T(p.=),synonymous,0,48496,3,194644,0,0.00001541275353979573,0,,,
12-2788871-C-T,p.Pro1833Ser,missense (MPC < 2),0,48496,2,194644,0,0.000010275169026530486,0,,,
12-2788878-C-T,p.Thr1835Met,missense (MPC < 2),42,6696,30,8006,0.0062724014336917565,0.0037471896077941546,,0.2172,-0.23659,
12-2788879-G-A,c.5505G>A(p.=),synonymous,21458,32648,46773,65438,0.6572531242342563,0.7147681775115377,,0.9647,0.0018632,
12-2788881-T-C,p.Val1836Ala,missense (MPC < 2),0,48496,1,194644,0,0.000005137584513265243,0,,,
12-2788884-G-C,p.Ser1837Thr,missense (MPC < 2),0,48496,1,194644,0,0.000005137584513265243,0,,,
12-2788901-G-A,p.Gly1843Arg,missense (MPC < 2),241,6688,155,8006,0.03603468899521531,0.0193604796402698,,0.40951,-0.082835,
12-2788902-G-A,p.Gly1843Glu,missense (MPC < 2),0,48496,1,194644,0,0.000005137584513265243,0,,,
12-2788903-G-A,c.5529G>A(p.=),synonymous,0,48496,1,194644,0,0.000005137584513265243,0,,,
12-2788905-C-T,p.Pro1844Leu,missense (MPC < 2),1,48496,0,194644,0.000020620257340811613,0,0,,,
12-2788908-C-T,p.Pro1845Leu,missense (MPC < 2),0,48496,4,194644,0,0.000020550338053060972,0,,,
12-2788915-C-T,c.5541C>T(p.=),synonymous,0,48496,1,194644,0,0.000005137584513265243,0,,,
12-2788916-C-T,p.Pro1848Ser,missense (MPC < 2),0,48496,3,194644,0,0.00001541275353979573,0,,,
12-2788928-G-T,p.Val1852Leu,missense (MPC < 2),0,48496,1,194644,0,0.000005137584513265243,0,,,
12-2788929-T-C,p.Val1852Ala,missense (MPC < 2),2,48496,2,194644,0.000041240514681623226,0.000010275169026530486,0,,,
12-2788937-G-A,p.Val1855Met,missense (MPC < 2),0,48496,1,194644,0,0.000005137584513265243,0,,,
12-2788940-G-A,p.Ala1856Thr,missense (MPC < 2),0,48496,1,194644,0,0.000005137584513265243,0,,,
12-2788954-C-T,c.5580C>T(p.=),synonymous,1,48496,0,194644,0.000020620257340811613,0,0,,,
12-2788959-A-G,p.Asn1862Ser,missense (MPC < 2),2,48496,1,194644,0.000041240514681623226,0.000005137584513265243,0,,,
12-2788960-C-T,c.5586C>T(p.=),splice region,0,48496,1,194644,0,0.000005137584513265243,0,,,
12-2788962-G-C,p.Arg1863Thr,missense (MPC < 2),7,1624,58,16708,0.004310344827586207,0.0034713909504429014,,0.31846,0.39001,
12-2789500-C-CT,c.5588+539dupT,intron,2,48496,3,194644,0.000041240514681623226,0.00001541275353979573,0,,,
12-2789523-C-T,c.5588+561C>T,intron,1,48496,0,194644,0.000020620257340811613,0,0,,,
12-2789632-G-C,c.5588+670G>C,intron,1,48496,0,194644,0.000020620257340811613,0,0,,,
12-2789721-C-T,c.5588+759C>T,intron,1,48496,0,194644,0.000020620257340811613,0,0,,,
12-2789727-C-G,c.5588+765C>G,intron,1,48496,0,194644,0.000020620257340811613,0,0,,,
12-2789780-G-A,c.5588+818G>A,intron,0,48496,6,194644,0,0.00003082550707959146,0,,,
12-2789787-A-G,c.5588+825A>G,intron,2797,23608,3361,43562,0.11847678752965096,0.0771544006243974,,0.45565,-0.041761,
12-2789789-C-G,c.5588+827C>G,intron,2770,22994,2756,28090,0.1204662085761503,0.09811320754716982,,0.40602,-0.046012,
12-2791067-G-T,c.5589-649G>T,intron,0,48496,1,194644,0,0.000005137584513265243,0,,,
12-2791069-A-G,c.5589-647A>G,intron,1,48496,0,194644,0.000020620257340811613,0,0,,,
12-2791072-G-C,c.5589-644G>C,intron,1,48496,0,194644,0.000020620257340811613,0,0,,,
12-2791078-G-A,c.5589-638G>A,intron,1,48496,5,194644,0.000020620257340811613,0.000025687922566326217,0,,,
12-2791079-G-C,c.5589-637G>C,intron,0,48496,1,194644,0,0.000005137584513265243,0,,,
12-2791084-G-A,c.5589-632G>A,intron,0,48496,1,194644,0,0.000005137584513265243,0,,,
12-2791094-T-C,c.5589-622T>C,intron,0,48496,2,194644,0,0.000010275169026530486,0,,,
12-2791105-T-C,c.5589-611T>C,intron,1,48496,4,194644,0.000020620257340811613,0.000020550338053060972,0,,,
12-2791108-C-A,c.5589-608C>A,intron,0,48496,1,194644,0,0.000005137584513265243,0,,,
12-2791109-C-G,c.5589-607C>G,intron,1,48496,0,194644,0.000020620257340811613,0,0,,,
12-2791125-C-T,c.5589-591C>T,intron,3,48496,4,194644,0.00006186077202243484,0.000020550338053060972,0,,,
12-2791127-T-C,c.5589-589T>C,intron,0,48496,3,194644,0,0.00001541275353979573,0,,,
12-2791129-C-CTGGTGTGTGGA,c.5589-587_5589-586insTGGTGTGTGGA,intron,0,48496,1,194644,0,0.000005137584513265243,0,,,
12-2791130-C-CCCTGTCCCAGCAGG,c.5589-586_5589-585insCCTGTCCCAGCAGG,intron,0,48496,1,194644,0,0.000005137584513265243,0,,,
12-2791130-C-T,c.5589-586C>T,intron,31923,40956,56896,70366,0.7794462349838851,0.8085723218599892,,0.56508,0.01484,
12-2791132-A-AAAGGCACGTTCTGG,c.5589-584_5589-583insAAGGCACGTTCTGG,intron,0,48496,1,194644,0,0.000005137584513265243,0,,,
12-2791132-A-C,c.5589-584A>C,intron,0,48496,2,194644,0,0.000010275169026530486,0,,,
12-2791132-A-G,c.5589-584A>G,intron,33486,40966,58055,70360,0.8174095591466094,0.8251137009664582,,0.6651,0.012205,
12-2791133-T-C,c.5589-583T>C,intron,0,48496,1,194644,0,0.000005137584513265243,0,,,
12-2791137-T-C,c.5589-579T>C,intron,0,48496,1,194644,0,0.000005137584513265243,0,,,
12-2791143-T-C,c.5589-573T>C,intron,0,48496,1,194644,0,0.000005137584513265243,0,,,
12-2791144-C-T,c.5589-572C>T,intron,0,48496,1,194644,0,0.000005137584513265243,0,,,
12-2791146-G-A,c.5589-570G>A,intron,0,48496,1,194644,0,0.000005137584513265243,0,,,
12-2791150-C-T,c.5589-566C>T,intron,1,48496,0,194644,0.000020620257340811613,0,0,,,
12-2791154-G-A,c.5589-562G>A,intron,0,48496,1,194644,0,0.000005137584513265243,0,,,
12-2791156-A-G,c.5589-560A>G,intron,2,48496,1,194644,0.000041240514681623226,0.000005137584513265243,0,,,
12-2791161-TTCAGGCTCAGCAGGGAC-T,c.5589-545_5589-529delGCAGGGACTCAGGCTCA,intron,0,48496,2,194644,0,0.000010275169026530486,0,,,
12-2791163-C-T,c.5589-553C>T,intron,2,48496,0,194644,0.000041240514681623226,0,0,,,
12-2791172-C-G,c.5589-544C>G,intron,0,48496,2,194644,0,0.000010275169026530486,0,,,
12-2791175-G-A,c.5589-541G>A,intron,0,48496,1,194644,0,0.000005137584513265243,0,,,
12-2791186-C-T,c.5589-530C>T,intron,0,48496,2,194644,0,0.000010275169026530486,0,,,
12-2791197-G-C,c.5589-519G>C,intron,0,48496,2,194644,0,0.000010275169026530486,0,,,
12-2791223-G-A,c.5589-493G>A,intron,0,48496,2,194644,0,0.000010275169026530486,0,,,
12-2791233-C-G,c.5589-483C>G,intron,1,48496,5,194644,0.000020620257340811613,0.000025687922566326217,0,,,
12-2791245-AC-A,c.5589-467delC,intron,1,48496,0,194644,0.000020620257340811613,0,0,,,
12-2791247-C-T,c.5589-469C>T,intron,0,48496,1,194644,0,0.000005137584513265243,0,,,
12-2791256-C-T,c.5589-460C>T,intron,0,48496,2,194644,0,0.000010275169026530486,0,,,
12-2791666-G-A,c.5589-50G>A,intron,0,48496,1,194644,0,0.000005137584513265243,0,,,
12-2791675-T-C,c.5589-41T>C,intron,1,48496,0,194644,0.000020620257340811613,0,0,,,
12-2791681-G-A,c.5589-35G>A,intron,1,48496,4,194644,0.000020620257340811613,0.000020550338053060972,0,,,
12-2791691-T-C,c.5589-25T>C,intron,0,48496,5,194644,0,0.000025687922566326217,0,,,
12-2791698-T-TC,c.5589-17dupC,intron,1,48496,5,194644,0.000020620257340811613,0.000025687922566326217,0,,,
12-2791703-T-C,c.5589-13T>C,intron,0,48496,1,194644,0,0.000005137584513265243,0,,,
12-2791711-T-C,c.5589-5T>C,splice region,0,48496,1,194644,0,0.000005137584513265243,0,,,
12-2791712-G-A,c.5589-4G>A,splice region,1,48496,2,194644,0.000020620257340811613,0.000010275169026530486,0,,,
12-2791719-C-G,p.Cys1864Trp,missense (MPC < 2),0,48496,1,194644,0,0.000005137584513265243,0,,,
12-2791722-C-T,c.5595C>T(p.=),synonymous,9,13998,14,13984,0.0006429489927132448,0.0010011441647597254,,0.37249,-0.40231,
12-2791723-T-A,p.Ser1866Thr,missense (MPC < 2),0,48496,2,194644,0,0.000010275169026530486,0,,,
12-2791727-G-A,p.Arg1867Gln,missense (MPC < 2),0,48496,2,194644,0,0.000010275169026530486,0,,,
12-2791731-G-C,p.Glu1868Asp,missense (MPC < 2),1,48496,1,194644,0.000020620257340811613,0.000005137584513265243,0,,,
12-2791735-C-G,p.Gln1870Glu,missense (MPC < 2),0,48496,1,194644,0,0.000005137584513265243,0,,,
12-2791744-A-G,p.Met1873Val,missense (MPC < 2),1,48496,0,194644,0.000020620257340811613,0,0,,,
12-2791751-G-A,p.Gly1875Asp,missense (MPC < 2),0,48496,1,194644,0,0.000005137584513265243,0,,,
12-2791758-G-GGAGACGTCTCAGGAT,p.Ser1880_Thr1884dup,inframe insertion,0,48496,4,194644,0,0.000020550338053060972,0,,,
12-2791760-A-G,p.Glu1878Gly,missense (MPC < 2),0,48496,1,194644,0,0.000005137584513265243,0,,,
12-2791764-G-A,c.5637G>A(p.=),synonymous,1,48496,3,194644,0.000020620257340811613,0.00001541275353979573,0,,,
12-2791773-T-G,p.Asp1882Glu,missense (MPC < 2),1,48496,0,194644,0.000020620257340811613,0,0,,,
12-2791774-G-A,p.Glu1883Lys,missense (MPC < 2),0,48496,6,194644,0,0.00003082550707959146,0,,,
12-2791776-G-C,p.Glu1883Asp,missense (MPC < 2),0,48496,1,194644,0,0.000005137584513265243,0,,,
12-2791781-A-G,p.Tyr1885Cys,missense (MPC < 2),2,48496,1,194644,0.000041240514681623226,0.000005137584513265243,0,,,
12-2791782-T-C,c.5655T>C(p.=),synonymous,0,48496,1,194644,0,0.000005137584513265243,0,,,
12-2791791-G-A,c.5664G>A(p.=),synonymous,1,48496,1,194644,0.000020620257340811613,0.000005137584513265243,0,,,
12-2791793-T-C,p.Met1889Thr,missense (MPC < 2),0,48496,1,194644,0,0.000005137584513265243,0,,,
12-2791795-A-C,p.Asn1890His,missense (MPC < 2),0,48496,1,194644,0,0.000005137584513265243,0,,,
12-2791799-A-G,p.His1891Arg,missense (MPC < 2),0,48496,2,194644,0,0.000010275169026530486,0,,,
12-2791805-C-T,p.Thr1893Met,missense (MPC < 2),0,48496,1,194644,0,0.000005137584513265243,0,,,
12-2791810-G-T,p.Ala1895Ser,missense (MPC < 2),0,48496,1,194644,0,0.000005137584513265243,0,,,
12-2791818-T-C,c.5691T>C(p.=),synonymous,3,48496,3,194644,0.00006186077202243484,0.00001541275353979573,0,,,
12-2791820-A-C,p.Glu1898Ala,missense (MPC < 2),0,48496,5,194644,0,0.000025687922566326217,0,,,
12-2791828-C-G,p.Leu1901Val,missense (MPC < 2),0,48496,3,194644,0,0.00001541275353979573,0,,,
12-2791834-T-G,p.Ser1903Ala,missense (MPC < 2),0,48496,1,194644,0,0.000005137584513265243,0,,,
12-2791839-A-G,c.5712A>G(p.=),synonymous,0,48496,1,194644,0,0.000005137584513265243,0,,,
12-2791840-G-A,p.Glu1905Lys,missense (MPC < 2),0,48496,1,194644,0,0.000005137584513265243,0,,,
12-2791841-A-C,p.Glu1905Ala,missense (MPC < 2),0,48496,1,194644,0,0.000005137584513265243,0,,,
12-2791860-C-T,c.5717+16C>T,intron,0,48496,1,194644,0,0.000005137584513265243,0,,,
12-2791862-C-T,c.5717+18C>T,intron,0,48496,2,194644,0,0.000010275169026530486,0,,,
12-2791872-T-C,c.5717+28T>C,intron,0,48496,3,194644,0,0.00001541275353979573,0,,,
12-2794856-C-T,c.5718-46C>T,intron,0,48496,2,194644,0,0.000010275169026530486,0,,,
12-2794865-G-A,c.5718-37G>A,intron,0,48496,1,194644,0,0.000005137584513265243,0,,,
12-2794867-C-T,c.5718-35C>T,intron,0,48496,2,194644,0,0.000010275169026530486,0,,,
12-2794869-C-T,c.5718-33C>T,intron,0,48496,1,194644,0,0.000005137584513265243,0,,,
12-2794873-G-A,c.5718-29G>A,intron,0,48496,1,194644,0,0.000005137584513265243,0,,,
12-2794885-T-C,c.5718-17T>C,intron,0,48496,8,194644,0,0.000041100676106121945,0,,,
12-2794904-T-C,p.Leu1907Pro,missense (MPC < 2),0,48496,1,194644,0,0.000005137584513265243,0,,,
12-2794905-C-G,c.5721C>G(p.=),synonymous,0,48496,1,194644,0,0.000005137584513265243,0,,,
12-2794905-C-T,c.5721C>T(p.=),synonymous,2,48496,1,194644,0.000041240514681623226,0.000005137584513265243,0,,,
12-2794908-C-A,c.5724C>A(p.=),synonymous,0,48496,1,194644,0,0.000005137584513265243,0,,,
12-2794908-C-T,c.5724C>T(p.=),synonymous,0,48496,1,194644,0,0.000005137584513265243,0,,,
12-2794916-A-G,p.Asp1911Gly,missense (MPC < 2),0,48496,1,194644,0,0.000005137584513265243,0,,,
12-2794920-C-T,c.5736C>T(p.=),synonymous,1,48496,2,194644,0.000020620257340811613,0.000010275169026530486,0,,,
12-2794928-G-A,p.Arg1915Gln,missense (MPC < 2),0,48496,1,194644,0,0.000005137584513265243,0,,,
12-2794932-A-G,c.5748A>G(p.=),synonymous,134,6700,89,8016,0.02,0.011102794411177645,,0.3827,-0.12449,
12-2794938-G-A,c.5754G>A(p.=),synonymous,0,48496,6,194644,0,0.00003082550707959146,0,,,
12-2794943-C-A,p.Pro1920Gln,missense (MPC < 2),0,48496,1,194644,0,0.000005137584513265243,0,,,
12-2794944-AGAG-A,p.Glu1922del,inframe deletion,0,48496,3,194644,0,0.00001541275353979573,0,,,
12-2794947-G-C,p.Glu1921Asp,missense (MPC < 2),1,48496,1,194644,0.000020620257340811613,0.000005137584513265243,0,,,
12-2794951-G-C,p.Asp1923His,missense (MPC < 2),1,48496,0,194644,0.000020620257340811613,0,0,,,
12-2794953-C-A,p.Asp1923Glu,missense (MPC < 2),0,48496,1,194644,0,0.000005137584513265243,0,,,
12-2794965-C-A,c.5781C>A(p.=),synonymous,1,48496,1,194644,0.000020620257340811613,0.000005137584513265243,0,,,
12-2794968-G-A,c.5784G>A(p.=),synonymous,0,48496,1,194644,0,0.000005137584513265243,0,,,
12-2794976-C-T,p.Pro1931Leu,missense (MPC < 2),0,48496,3,194644,0,0.00001541275353979573,0,,,
12-2794977-G-A,c.5793G>A(p.=),synonymous,581,26066,1278,54762,0.02228957262334075,0.023337350717650925,,0.54572,0.029669,
12-2794985-G-C,p.Gly1934Ala,missense (MPC < 2),0,48496,3,194644,0,0.00001541275353979573,0,,,
12-2794985-G-T,p.Gly1934Val,missense (MPC < 2),0,48496,1,194644,0,0.000005137584513265243,0,,,
12-2794986-T-C,c.5802T>C(p.=),synonymous,1,48496,7,194644,0.000020620257340811613,0.0000359630915928567,0,,,
12-2794993-C-T,p.Arg1937Cys,missense (MPC < 2),144,34858,408,43942,0.0041310459578862814,0.009284966546811706,,0.21373,0.012905,
12-2794994-G-A,p.Arg1937His,missense (MPC < 2),1,48496,0,194644,0.000020620257340811613,0,0,,,
12-2794999-G-C,p.Ala1939Pro,missense (MPC < 2),1,48496,2,194644,0.000020620257340811613,0.000010275169026530486,0,,,
12-2795015-G-A,c.5824+7G>A,splice region,0,48496,1,194644,0,0.000005137584513265243,0,,,
12-2795018-C-T,c.5824+10C>T,intron,1,48496,0,194644,0.000020620257340811613,0,0,,,
12-2795019-C-T,c.5824+11C>T,intron,124,26688,373,46472,0.004646282973621103,0.00802633844035118,,0.093803,-0.23572,
12-2795020-G-C,c.5824+12G>C,intron,0,48496,1,194644,0,0.000005137584513265243,0,,,
12-2795023-C-T,c.5824+15C>T,intron,240,6692,151,8014,0.03586371787208607,0.018842026453706015,,0.87471,-0.088378,
12-2795040-C-T,c.5824+32C>T,intron,2,48496,5,194644,0.000041240514681623226,0.000025687922566326217,0,,,
12-2795043-C-T,c.5824+35C>T,intron,137,10412,78,12588,0.013157894736842105,0.006196377502383222,,0.75772,-0.067195,
12-2795284-G-A,c.5825-48G>A,intron,0,48496,1,194644,0,0.000005137584513265243,0,,,
12-2795285-T-C,c.5825-47T>C,intron,0,48496,1,194644,0,0.000005137584513265243,0,,,
12-2795287-C-T,c.5825-45C>T,intron,0,48496,2,194644,0,0.000010275169026530486,0,,,
12-2795288-C-T,c.5825-44C>T,intron,0,48496,1,194644,0,0.000005137584513265243,0,,,
12-2795290-T-A,c.5825-42T>A,intron,0,48496,1,194644,0,0.000005137584513265243,0,,,
12-2795292-T-A,c.5825-40T>A,intron,0,48496,1,194644,0,0.000005137584513265243,0,,,
12-2795298-T-G,c.5825-34T>G,intron,1,48496,0,194644,0.000020620257340811613,0,0,,,
12-2795299-G-T,c.5825-33G>T,intron,0,48496,1,194644,0,0.000005137584513265243,0,,,
12-2795312-C-T,c.5825-20C>T,intron,1,48496,1,194644,0.000020620257340811613,0.000005137584513265243,0,,,
12-2795328-G-A,c.5825-4G>A,splice region,0,48496,1,194644,0,0.000005137584513265243,0,,,
12-2795339-G-A,c.5832G>A(p.=),synonymous,0,48496,1,194644,0,0.000005137584513265243,0,,,
12-2795344-C-T,p.Ser1946Phe,missense (MPC < 2),1,48496,1,194644,0.000020620257340811613,0.000005137584513265243,0,,,
12-2795355-G-A,p.Glu1950Lys,missense (MPC < 2),0,48496,1,194644,0,0.000005137584513265243,0,,,
12-2795368-G-T,p.Arg1954Leu,missense (MPC < 2),1,48496,2,194644,0.000020620257340811613,0.000010275169026530486,0,,,
12-2795377-A-T,p.Asp1957Val,missense (MPC < 2),0,48496,1,194644,0,0.000005137584513265243,0,,,
12-2795382-G-A,p.Gly1959Arg,missense (MPC < 2),0,48496,1,194644,0,0.000005137584513265243,0,,,
12-2795383-G-A,p.Gly1959Glu,missense (MPC < 2),0,48496,1,194644,0,0.000005137584513265243,0,,,
12-2795385-G-A,p.Gly1960Arg,missense (MPC < 2),0,48496,1,194644,0,0.000005137584513265243,0,,,
12-2795391-A-T,p.Ile1962Phe,missense (MPC < 2),0,48496,1,194644,0,0.000005137584513265243,0,,,
12-2795396-T-C,c.5889T>C(p.=),synonymous,0,48496,1,194644,0,0.000005137584513265243,0,,,
12-2795411-G-T,c.5904G>T(p.=),synonymous,0,48496,1,194644,0,0.000005137584513265243,0,,,
12-2795418-C-T,p.His1971Tyr,missense (MPC < 2),1,48496,1,194644,0.000020620257340811613,0.000005137584513265243,0,,,
12-2795423-G-C,c.5916G>C(p.=),synonymous,0,48496,4,194644,0,0.000020550338053060972,0,,,
12-2795424-G-A,p.Val1973Ile,missense (MPC < 2),0,48496,1,194644,0,0.000005137584513265243,0,,,
12-2795446-C-A,c.5928+11C>A,intron,1,48496,0,194644,0.000020620257340811613,0,0,,,
12-2795453-ACAGGCCACTGTCACCTGCCAG-A,c.5928+26_5928+46delCTGTCACCTGCCAGCAGGCCA,intron,1,48496,0,194644,0.000020620257340811613,0,0,,,
12-2795461-CT-C,c.5928+27delT,intron,1,48496,2,194644,0.000020620257340811613,0.000010275169026530486,0,,,
12-2795467-C-T,c.5928+32C>T,intron,0,48496,1,194644,0,0.000005137584513265243,0,,,
12-2795472-C-T,c.5928+37C>T,intron,0,48496,1,194644,0,0.000005137584513265243,0,,,
12-2795475-C-T,c.5928+40C>T,intron,1,48496,0,194644,0.000020620257340811613,0,0,,,
12-2795479-CCAGA-C,c.5928+48_5928+51delACAG,intron,1,48496,0,194644,0.000020620257340811613,0,0,,,
12-2795483-A-G,c.5928+48A>G,intron,0,48496,1,194644,0,0.000005137584513265243,0,,,
12-2797567-T-TG,c.5929-42dupG,intron,1,48496,0,194644,0.000020620257340811613,0,0,,,
12-2797569-G-A,c.5929-44G>A,intron,0,48496,1,194644,0,0.000005137584513265243,0,,,
12-2797571-G-T,c.5929-42G>T,intron,0,48496,1,194644,0,0.000005137584513265243,0,,,
12-2797573-C-T,c.5929-40C>T,intron,0,48496,3,194644,0,0.00001541275353979573,0,,,
12-2797579-C-T,c.5929-34C>T,intron,1,48496,1,194644,0.000020620257340811613,0.000005137584513265243,0,,,
12-2797600-T-C,c.5929-13T>C,intron,0,48496,1,194644,0,0.000005137584513265243,0,,,
12-2797603-G-A,c.5929-10G>A,intron,0,48496,1,194644,0,0.000005137584513265243,0,,,
12-2797606-T-C,c.5929-7T>C,splice region,0,48496,1,194644,0,0.000005137584513265243,0,,,
12-2797608-C-G,c.5929-5C>G,splice region,1,48496,1,194644,0.000020620257340811613,0.000005137584513265243,0,,,
12-2797608-C-T,c.5929-5C>T,splice region,0,48496,8,194644,0,0.000041100676106121945,0,,,
12-2797613-G-A,p.Ala1977Thr,missense (MPC < 2),0,48496,1,194644,0,0.000005137584513265243,0,,,
12-2797613-G-T,p.Ala1977Ser,missense (MPC < 2),0,48496,1,194644,0,0.000005137584513265243,0,,,
12-2797616-T-C,c.5932T>C(p.=),synonymous,0,48496,1,194644,0,0.000005137584513265243,0,,,
12-2797616-T-TTGGCAG,p.Val1980_Ala1981dup,inframe insertion,0,48496,1,194644,0,0.000005137584513265243,0,,,
12-2797618-G-A,c.5934G>A(p.=),synonymous,0,48496,1,194644,0,0.000005137584513265243,0,,,
12-2797624-G-T,c.5940G>T(p.=),synonymous,0,48496,1,194644,0,0.000005137584513265243,0,,,
12-2797625-G-T,p.Ala1981Ser,missense (MPC < 2),0,48496,1,194644,0,0.000005137584513265243,0,,,
12-2797629-G-A,p.Gly1982Asp,missense (MPC < 2),0,48496,1,194644,0,0.000005137584513265243,0,,,
12-2797658-T-A,p.Ser1992Thr,missense (MPC < 2),0,48496,2,194644,0,0.000010275169026530486,0,,,
12-2797665-C-T,p.Ala1994Val,missense (MPC < 2),0,48496,3,194644,0,0.00001541275353979573,0,,,
12-2797669-A-G,c.5985A>G(p.=),synonymous,1,48496,5,194644,0.000020620257340811613,0.000025687922566326217,0,,,
12-2797672-C-T,c.5988C>T(p.=),synonymous,0,48496,4,194644,0,0.000020550338053060972,0,,,
12-2797673-C-T,p.Pro1997Ser,missense (MPC < 2),0,48496,1,194644,0,0.000005137584513265243,0,,,
12-2797677-G-A,p.Arg1998Lys,missense (MPC < 2),0,48496,2,194644,0,0.000010275169026530486,0,,,
12-2797685-G-T,p.Ala2001Ser,missense (MPC < 2),0,48496,1,194644,0,0.000005137584513265243,0,,,
12-2797689-C-T,p.Thr2002Ile,missense (MPC < 2),0,48496,1,194644,0,0.000005137584513265243,0,,,
12-2797690-C-T,c.6006C>T(p.=),synonymous,0,48496,1,194644,0,0.000005137584513265243,0,,,
12-2797691-C-T,p.Pro2003Ser,missense (MPC < 2),0,48496,1,194644,0,0.000005137584513265243,0,,,
12-2797701-C-A,p.Thr2006Lys,missense (MPC < 2),0,48496,1,194644,0,0.000005137584513265243,0,,,
12-2797703-C-G,p.Pro2007Ala,missense (MPC < 2),0,48496,1,194644,0,0.000005137584513265243,0,,,
12-2797703-C-T,p.Pro2007Ser,missense (MPC < 2),0,48496,1,194644,0,0.000005137584513265243,0,,,
12-2797704-C-T,p.Pro2007Leu,missense (MPC < 2),0,48496,1,194644,0,0.000005137584513265243,0,,,
12-2797707-G-A,p.Gly2008Asp,missense (MPC < 2),0,48496,1,194644,0,0.000005137584513265243,0,,,
12-2797711-C-T,c.6027C>T(p.=),synonymous,1,48496,1,194644,0.000020620257340811613,0.000005137584513265243,0,,,
12-2797715-G-T,p.Gly2011Cys,missense (MPC < 2),1,48496,0,194644,0.000020620257340811613,0,0,,,
12-2797723-C-T,c.6039C>T(p.=),synonymous,0,48496,7,194644,0,0.0000359630915928567,0,,,
12-2797732-C-T,c.6048C>T(p.=),synonymous,1,48496,2,194644,0.000020620257340811613,0.000010275169026530486,0,,,
12-2797733-G-A,p.Val2017Ile,missense (MPC < 2),0,48496,2,194644,0,0.000010275169026530486,0,,,
12-2797734-T-C,p.Val2017Ala,missense (MPC < 2),0,48496,1,194644,0,0.000005137584513265243,0,,,
12-2797741-C-T,c.6057C>T(p.=),synonymous,0,48496,1,194644,0,0.000005137584513265243,0,,,
12-2797742-C-A,p.Leu2020Met,missense (MPC < 2),0,48496,1,194644,0,0.000005137584513265243,0,,,
12-2797745-C-A,c.6061C>A(p.=),synonymous,0,48496,6,194644,0,0.00003082550707959146,0,,,
12-2797745-C-G,p.Arg2021Gly,missense (MPC < 2),0,48496,1,194644,0,0.000005137584513265243,0,,,
12-2797745-C-T,p.Arg2021Trp,missense (MPC < 2),0,48496,1,194644,0,0.000005137584513265243,0,,,
12-2797746-G-A,p.Arg2021Gln,missense (MPC < 2),45,23742,84,33940,0.0018953752843062926,0.0024749558043606363,,0.7318,0.058031,
12-2797748-C-T,p.Leu2022Phe,missense (MPC < 2),1,48496,0,194644,0.000020620257340811613,0,0,,,
12-2797754-G-A,p.Gly2024Arg,missense (MPC < 2),1,48496,0,194644,0.000020620257340811613,0,0,,,
12-2797757-G-A,p.Val2025Ile,missense (MPC < 2),0,48496,2,194644,0,0.000010275169026530486,0,,,
12-2797760-G-A,p.Glu2026Lys,missense (MPC < 2),1,48496,0,194644,0.000020620257340811613,0,0,,,
12-2797767-G-A,p.Ser2028Asn,missense (MPC < 2),1,48496,4,194644,0.000020620257340811613,0.000020550338053060972,0,,,
12-2797786-C-T,c.6102C>T(p.=),synonymous,0,48496,1,194644,0,0.000005137584513265243,0,,,
12-2797790-C-T,p.Pro2036Ser,missense (MPC < 2),0,48496,1,194644,0,0.000005137584513265243,0,,,
12-2797798-C-G,p.Ile2038Met,missense (MPC < 2),0,48496,1,194644,0,0.000005137584513265243,0,,,
12-2797805-G-A,p.Gly2041Ser,missense (MPC < 2),0,48496,1,194644,0,0.000005137584513265243,0,,,
12-2797820-A-C,p.Thr2046Pro,missense (MPC < 2),0,48496,1,194644,0,0.000005137584513265243,0,,,
12-2797821-C-A,p.Thr2046Asn,missense (MPC < 2),1,48496,2,194644,0.000020620257340811613,0.000010275169026530486,0,,,
12-2797822-C-T,c.6138C>T(p.=),synonymous,0,48496,1,194644,0,0.000005137584513265243,0,,,
12-2797823-A-G,p.Thr2047Ala,missense (MPC < 2),0,48496,2,194644,0,0.000010275169026530486,0,,,
12-2797825-C-G,c.6141C>G(p.=),synonymous,1,48496,1,194644,0.000020620257340811613,0.000005137584513265243,0,,,
12-2797828-C-T,c.6144C>T(p.=),synonymous,0,48496,3,194644,0,0.00001541275353979573,0,,,
12-2797830-G-A,p.Gly2049Asp,missense (MPC < 2),0,48496,1,194644,0,0.000005137584513265243,0,,,
12-2797835-G-A,p.Gly2051Arg,missense (MPC < 2),0,48496,3,194644,0,0.00001541275353979573,0,,,
12-2797846-C-A,p.Ser2054Arg,missense (MPC < 2),0,48496,1,194644,0,0.000005137584513265243,0,,,
12-2797847-G-A,p.Ala2055Thr,missense (MPC < 2),0,48496,3,194644,0,0.00001541275353979573,0,,,
12-2797849-C-T,c.6165C>T(p.=),synonymous,1,48496,1,194644,0.000020620257340811613,0.000005137584513265243,0,,,
12-2797850-G-A,p.Ala2056Thr,missense (MPC < 2),2,48496,1,194644,0.000041240514681623226,0.000005137584513265243,0,,,
12-2797854-G-A,p.Arg2057Gln,missense (MPC < 2),1,48496,4,194644,0.000020620257340811613,0.000020550338053060972,0,,,
12-2797857-G-T,p.Arg2058Ile,missense (MPC < 2),0,48496,2,194644,0,0.000010275169026530486,0,,,
12-2797859-G-A,p.Val2059Ile,missense (MPC < 2),0,48496,1,194644,0,0.000005137584513265243,0,,,
12-2797859-G-T,p.Val2059Phe,missense (MPC < 2),1,48496,3,194644,0.000020620257340811613,0.00001541275353979573,0,,,
12-2797862-C-T,p.Arg2060Trp,missense (MPC < 2),2,48496,3,194644,0.000041240514681623226,0.00001541275353979573,0,,,
12-2797867-C-G,c.6183C>G(p.=),synonymous,0,48496,1,194644,0,0.000005137584513265243,0,,,
12-2797867-C-T,c.6183C>T(p.=),synonymous,0,48496,5,194644,0,0.000025687922566326217,0,,,
12-2797873-C-T,c.6189C>T(p.=),synonymous,0,48496,2,194644,0,0.000010275169026530486,0,,,
12-2797878-T-C,p.Met2065Thr,missense (MPC < 2),0,48496,2,194644,0,0.000010275169026530486,0,,,
12-2797882-G-A,c.6198G>A(p.=),synonymous,0,48496,1,194644,0,0.000005137584513265243,0,,,
12-2797891-G-A,c.6207G>A(p.=),synonymous,0,48496,2,194644,0,0.000010275169026530486,0,,,
12-2797892-G-C,p.Ala2070Pro,missense (MPC < 2),1,48496,3,194644,0.000020620257340811613,0.00001541275353979573,0,,,
12-2797912-G-C,p.Gln2076His,missense (MPC < 2),0,48496,1,194644,0,0.000005137584513265243,0,,,
12-2797915-C-G,p.Phe2077Leu,missense (MPC < 2),1,48496,2,194644,0.000020620257340811613,0.000010275169026530486,0,,,
12-2797918-C-T,c.6234C>T(p.=),synonymous,1,48496,4,194644,0.000020620257340811613,0.000020550338053060972,0,,,
12-2797936-G-T,c.6252G>T(p.=),synonymous,0,48496,1,194644,0,0.000005137584513265243,0,,,
12-2797937-G-T,p.Val2085Leu,missense (MPC < 2),0,48496,1,194644,0,0.000005137584513265243,0,,,
12-2797983-G-A,c.6261+38G>A,intron,0,48496,1,194644,0,0.000005137584513265243,0,,,
12-2800149-C-T,c.6345C>T(p.=),synonymous,1,48496,0,194644,0.000020620257340811613,0,0,,,
12-2800152-C-A,p.Asp2116Glu,missense (MPC < 2),0,48496,2,194644,0,0.000010275169026530486,0,,,
12-2800160-T-C,p.Ile2119Thr,missense (MPC < 2),1,48496,0,194644,0.000020620257340811613,0,0,,,
12-2800162-G-C,p.Glu2120Gln,missense (MPC < 2),0,48496,1,194644,0,0.000005137584513265243,0,,,
12-2800167-G-A,c.6363G>A(p.=),synonymous,1,48496,0,194644,0.000020620257340811613,0,0,,,
12-2800169-T-C,p.Met2122Thr,missense (MPC < 2),0,48496,1,194644,0,0.000005137584513265243,0,,,
12-2800172-A-C,p.Glu2123Ala,missense (MPC < 2),0,48496,1,194644,0,0.000005137584513265243,0,,,
12-2800173-G-A,c.6369G>A(p.=),synonymous,0,48496,1,194644,0,0.000005137584513265243,0,,,
12-2800177-G-A,p.Ala2125Thr,missense (MPC < 2),0,48496,1,194644,0,0.000005137584513265243,0,,,
12-2800179-G-T,c.6375G>T(p.=),synonymous,0,48496,2,194644,0,0.000010275169026530486,0,,,
12-2800182-C-T,c.6378C>T(p.=),synonymous,0,48496,3,194644,0,0.00001541275353979573,0,,,
12-2800187-A-G,p.Asn2128Ser,missense (MPC < 2),1,48496,0,194644,0.000020620257340811613,0,0,,,
12-2800191-C-T,c.6387C>T(p.=),synonymous,0,48496,1,194644,0,0.000005137584513265243,0,,,
12-2800200-G-C,c.6396G>C(p.=),synonymous,0,48496,1,194644,0,0.000005137584513265243,0,,,
12-2800202-G-A,p.Gly2133Asp,missense (MPC < 2),2,48496,1,194644,0.000041240514681623226,0.000005137584513265243,0,,,
12-2800204-G-A,p.Ala2134Thr,missense (MPC < 2),1,48496,1,194644,0.000020620257340811613,0.000005137584513265243,0,,,
12-2800218-C-A,c.6414C>A(p.=),synonymous,0,48496,1,194644,0,0.000005137584513265243,0,,,
12-2800220-A-G,p.Asn2139Ser,missense (MPC < 2),22,20460,16,23276,0.001075268817204301,0.0006874033339061695,,0.40579,0.35804,
12-2800223-G-C,p.Gly2140Ala,missense (MPC < 2),0,48496,1,194644,0,0.000005137584513265243,0,,,
12-2800227-C-T,c.6423C>T(p.=),synonymous,1,48496,2,194644,0.000020620257340811613,0.000010275169026530486,0,,,
12-2800230-C-G,c.6426C>G(p.=),synonymous,1,48496,1,194644,0.000020620257340811613,0.000005137584513265243,0,,,
12-2800236-C-G,c.6432C>G(p.=),synonymous,1,48496,5,194644,0.000020620257340811613,0.000025687922566326217,0,,,
12-2800238-T-C,p.Phe2145Ser,missense (MPC < 2),1,48496,0,194644,0.000020620257340811613,0,0,,,
12-2800255-G-A,p.Ala2151Thr,missense (MPC < 2),0,48496,2,194644,0,0.000010275169026530486,0,,,
12-2800256-C-T,p.Ala2151Val,missense (MPC < 2),0,48496,1,194644,0,0.000005137584513265243,0,,,
12-2800270-G-A,p.Ala2156Thr,missense (MPC < 2),1,48496,0,194644,0.000020620257340811613,0,0,,,
12-2800271-C-T,p.Ala2156Val,missense (MPC < 2),0,48496,1,194644,0,0.000005137584513265243,0,,,
12-2800272-C-G,c.6468C>G(p.=),synonymous,1,48496,0,194644,0.000020620257340811613,0,0,,,
12-2800272-C-T,c.6468C>T(p.=),synonymous,1,48496,0,194644,0.000020620257340811613,0,0,,,
12-2800276-G-T,p.Gly2158Cys,missense (MPC < 2),2,48496,2,194644,0.000041240514681623226,0.000010275169026530486,0,,,
12-2800277-G-T,p.Gly2158Val,missense (MPC < 2),1,48496,0,194644,0.000020620257340811613,0,0,,,
12-2800279-G-A,p.Glu2159Lys,missense (MPC < 2),0,48496,2,194644,0,0.000010275169026530486,0,,,
12-2800282-G-C,p.Glu2160Gln,missense (MPC < 2),0,48496,1,194644,0,0.000005137584513265243,0,,,
12-2800295-G-T,p.Cys2164Phe,missense (MPC < 2),1,48496,0,194644,0.000020620257340811613,0,0,,,
12-2800298-TGC-T,p.Arg2168GlyfsTer5,frameshift,0,48496,1,194644,0,0.000005137584513265243,0,,,yes
12-2800303-G-A,p.Ala2167Thr,missense (MPC < 2),1,48496,0,194644,0.000020620257340811613,0,0,,,
12-2800304-C-A,p.Ala2167Glu,missense (MPC < 2),0,48496,1,194644,0,0.000005137584513265243,0,,,
12-2800309-GGTCGACCGA-G,p.Arg2170_Ser2172del,inframe deletion,0,48496,1,194644,0,0.000005137584513265243,0,,,
12-2800312-C-CG,p.Pro2171ThrfsTer3,frameshift,0,48496,1,194644,0,0.000005137584513265243,0,,,yes
12-2800317-G-A,c.6513G>A(p.=),synonymous,0,48496,1,194644,0,0.000005137584513265243,0,,,
12-2800319-G-A,p.Ser2172Asn,missense (MPC < 2),0,48496,1,194644,0,0.000005137584513265243,0,,,
12-2800335-G-A,c.6531G>A(p.=),synonymous,1,48496,2,194644,0.000020620257340811613,0.000010275169026530486,0,,,
12-2800338-C-T,c.6534C>T(p.=),synonymous,0,48496,6,194644,0,0.00003082550707959146,0,,,
12-2800340-G-T,p.Ser2179Ile,missense (MPC < 2),0,48496,1,194644,0,0.000005137584513265243,0,,,
12-2800341-C-A,p.Ser2179Arg,missense (MPC < 2),1,48496,0,194644,0.000020620257340811613,0,0,,,
12-2800342-A-C,c.6538A>C(p.=),synonymous,1,48496,2,194644,0.000020620257340811613,0.000010275169026530486,0,,,
12-2800351-G-T,p.Val2183Phe,missense (MPC < 2),0,48496,1,194644,0,0.000005137584513265243,0,,,
12-2800359-C-T,c.6555C>T(p.=),synonymous,0,48496,2,194644,0,0.000010275169026530486,0,,,
12-2800367-G-A,c.*2G>A,"3' UTR",0,48496,1,194644,0,0.000005137584513265243,0,,,
12-2800370-C-T,c.*5C>T,"3' UTR",0,48496,1,194644,0,0.000005137584513265243,0,,,
12-2800373-T-G,c.*8T>G,"3' UTR",1,48496,0,194644,0.000020620257340811613,0,0,,,
12-2800383-G-A,c.*18G>A,"3' UTR",1,48496,0,194644,0.000020620257340811613,0,0,,,
12-2800386-C-T,c.*21C>T,"3' UTR",0,48496,1,194644,0,0.000005137584513265243,0,,,
12-2800387-T-C,c.*22T>C,"3' UTR",0,48496,1,194644,0,0.000005137584513265243,0,,,
12-2800391-TTTTA-T,c.*30_*33delATTT,"3' UTR",0,48496,1,194644,0,0.000005137584513265243,0,,,
